id,student_id,course_id,instructor_id,term,year,type,date,score
A000001,S33639,CS101,I144,1,2023,Project,2023-01-22,96.50182912411586
A000002,S33639,CS101,I144,1,2023,Homework,2023-01-30,67.82305906171277
A000003,S33639,CS101,I144,1,2023,Homework,2023-02-06,65.65553548267563
A000004,S18474,CS101,I144,1,2023,Quiz,2023-01-22,89.82876385197416
A000005,S18474,CS101,I583,1,2023,Quiz,2023-01-30,88.6302087265073
A000006,S18474,CS101,I583,1,2023,Project,2023-02-06,70.28929536906003
A000007,S73110,CS101,I583,1,2023,Exam,2023-01-22,71.2171599579872
A000008,S73110,CS101,I583,1,2023,Quiz,2023-01-30,75.6498743011556
A000009,S73110,CS101,I144,1,2023,Exam,2023-02-06,64.33759869014114
A000010,S43572,CS101,I583,1,2023,Exam,2023-01-22,61.55741743027704
A000011,S43572,CS101,I583,1,2023,Homework,2023-01-30,77.45501471920485
A000012,S43572,CS101,I583,1,2023,Quiz,2023-02-06,73.45641863756644
A000013,S74880,CS101,I144,1,2023,Homework,2023-01-22,70.98503055406607
A000014,S74880,CS101,I583,1,2023,Project,2023-01-30,79.26313680090409
A000015,S74880,CS101,I583,1,2023,Exam,2023-02-06,76.08848547879195
A000016,S58089,CS101,I144,1,2023,Project,2023-01-22,82.66670571276354
A000017,S58089,CS101,I583,1,2023,Homework,2023-01-30,74.17034022296264
A000018,S58089,CS101,I583,1,2023,Homework,2023-02-06,72.09052131580576
A000019,S44397,CS101,I583,1,2023,Exam,2023-01-22,82.3457184803619
A000020,S44397,CS101,I583,1,2023,Homework,2023-01-30,83.67996882656249
A000021,S44397,CS101,I583,1,2023,Exam,2023-02-06,65.74323375414856
A000022,S82874,CS101,I144,1,2023,Homework,2023-01-22,79.85254446566623
A000023,S82874,CS101,I144,1,2023,Quiz,2023-01-30,81.16957860012471
A000024,S82874,CS101,I144,1,2023,Project,2023-02-06,56.595899124967254
A000025,S76443,CS101,I144,1,2023,Exam,2023-01-22,80.3195123321307
A000026,S76443,CS101,I583,1,2023,Project,2023-01-30,64.97191239912615
A000027,S76443,CS101,I583,1,2023,Exam,2023-02-06,75.95104312789482
A000028,S66923,CS101,I583,1,2023,Exam,2023-01-22,68.70257081346597
A000029,S66923,CS101,I583,1,2023,Homework,2023-01-30,65.23500675369681
A000030,S66923,CS101,I144,1,2023,Quiz,2023-02-06,66.80665142330352
A000031,S67583,CS101,I583,1,2023,Homework,2023-01-22,78.29901124252767
A000032,S67583,CS101,I144,1,2023,Exam,2023-01-30,76.81680173865382
A000033,S67583,CS101,I583,1,2023,Project,2023-02-06,72.68768731126639
A000034,S69611,CS101,I144,1,2023,Quiz,2023-01-22,64.5117990163706
A000035,S69611,CS101,I583,1,2023,Homework,2023-01-30,76.41873724534827
A000036,S69611,CS101,I583,1,2023,Quiz,2023-02-06,73.0566536744009
A000037,S57674,CS101,I144,1,2023,Exam,2023-01-22,81.03544684046659
A000038,S57674,CS101,I583,1,2023,Project,2023-01-30,61.06671584604071
A000039,S57674,CS101,I144,1,2023,Quiz,2023-02-06,82.56750940091374
A000040,S88364,CS101,I144,1,2023,Quiz,2023-01-22,86.65045798859884
A000041,S88364,CS101,I144,1,2023,Exam,2023-01-30,59.45290830120708
A000042,S88364,CS101,I583,1,2023,Exam,2023-02-06,76.87121430028093
A000043,S32498,CS101,I144,1,2023,Project,2023-01-22,83.79602261702455
A000044,S32498,CS101,I144,1,2023,Project,2023-01-30,81.72755648218508
A000045,S32498,CS101,I583,1,2023,Quiz,2023-02-06,76.6142455796939
A000046,S92930,CS101,I583,1,2023,Homework,2023-01-22,61.79259892007441
A000047,S92930,CS101,I144,1,2023,Quiz,2023-01-30,87.87296064901903
A000048,S92930,CS101,I583,1,2023,Project,2023-02-06,92.57250297292921
A000049,S99335,CS101,I144,1,2023,Homework,2023-01-22,66.47624909647985
A000050,S99335,CS101,I583,1,2023,Exam,2023-01-30,72.45801601713913
A000051,S99335,CS101,I583,1,2023,Homework,2023-02-06,87.0131393242582
A000052,S38603,CS101,I144,1,2023,Homework,2023-01-22,72.29763926649485
A000053,S38603,CS101,I583,1,2023,Quiz,2023-01-30,62.799433710404806
A000054,S38603,CS101,I583,1,2023,Exam,2023-02-06,52.506145056495924
A000055,S88362,CS101,I583,1,2023,Project,2023-01-22,82.62914701363545
A000056,S88362,CS101,I583,1,2023,Quiz,2023-01-30,60.72179791429514
A000057,S88362,CS101,I144,1,2023,Exam,2023-02-06,88.95348927055078
A000058,S71779,CS101,I583,1,2023,Quiz,2023-01-22,66.7260147257151
A000059,S71779,CS101,I144,1,2023,Quiz,2023-01-30,79.94057888196721
A000060,S71779,CS101,I144,1,2023,Exam,2023-02-06,88.3972888948636
A000061,S47135,CS101,I583,1,2023,Homework,2023-01-22,70.77010611598077
A000062,S47135,CS101,I583,1,2023,Project,2023-01-30,89.4008934267426
A000063,S47135,CS101,I583,1,2023,Quiz,2023-02-06,67.51894358547347
A000064,S28970,CS101,I583,1,2023,Project,2023-01-22,73.33378207655099
A000065,S28970,CS101,I583,1,2023,Exam,2023-01-30,81.99464189969191
A000066,S28970,CS101,I583,1,2023,Homework,2023-02-06,80.14196559833582
A000067,S54284,CS101,I144,1,2023,Exam,2023-01-22,56.06026772997278
A000068,S54284,CS101,I583,1,2023,Quiz,2023-01-30,87.599266614525
A000069,S54284,CS101,I144,1,2023,Quiz,2023-02-06,83.37945608105099
A000070,S64333,CS101,I583,1,2023,Exam,2023-01-22,70.41258884586439
A000071,S64333,CS101,I144,1,2023,Project,2023-01-30,81.65583218425141
A000072,S64333,CS101,I144,1,2023,Exam,2023-02-06,84.81782702074739
A000073,S94260,CS101,I583,1,2023,Quiz,2023-01-22,72.88412903206023
A000074,S94260,CS101,I583,1,2023,Quiz,2023-01-30,80.13565946595341
A000075,S94260,CS101,I144,1,2023,Exam,2023-02-06,67.91455537335878
A000076,S83790,CS101,I583,1,2023,Homework,2023-01-22,79.19593447457373
A000077,S83790,CS101,I583,1,2023,Quiz,2023-01-30,87.49289254862147
A000078,S83790,CS101,I144,1,2023,Quiz,2023-02-06,89.05605283096426
A000079,S56091,CS101,I583,1,2023,Homework,2023-01-22,67.22237924913544
A000080,S56091,CS101,I583,1,2023,Homework,2023-01-30,75.23897473729085
A000081,S56091,CS101,I583,1,2023,Homework,2023-02-06,79.04925535722046
A000082,S62773,CS101,I144,1,2023,Exam,2023-01-22,65.51138930589732
A000083,S62773,CS101,I144,1,2023,Project,2023-01-30,59.654574458046184
A000084,S62773,CS101,I144,1,2023,Quiz,2023-02-06,83.6119559905546
A000085,S19330,CS101,I583,1,2023,Exam,2023-01-22,80.00621217370919
A000086,S19330,CS101,I583,1,2023,Exam,2023-01-30,78.63572446424207
A000087,S19330,CS101,I583,1,2023,Quiz,2023-02-06,80.83330762065656
A000088,S14141,CS101,I583,1,2023,Homework,2023-01-22,81.29059436886352
A000089,S14141,CS101,I583,1,2023,Homework,2023-01-30,57.258133861172524
A000090,S14141,CS101,I583,1,2023,Homework,2023-02-06,75.92560968463378
A000091,S80617,CS101,I144,1,2023,Homework,2023-01-22,71.06806038457533
A000092,S80617,CS101,I583,1,2023,Project,2023-01-30,68.78246064940902
A000093,S80617,CS101,I583,1,2023,Quiz,2023-02-06,76.85261303438713
A000094,S78089,CS101,I144,1,2023,Project,2023-01-22,64.0532629751042
A000095,S78089,CS101,I144,1,2023,Quiz,2023-01-30,81.19079313082706
A000096,S78089,CS101,I144,1,2023,Homework,2023-02-06,80.66284621287757
A000097,S79331,CS101,I144,1,2023,Quiz,2023-01-22,90.11813090501575
A000098,S79331,CS101,I583,1,2023,Homework,2023-01-30,77.91309581986992
A000099,S79331,CS101,I144,1,2023,Quiz,2023-02-06,100
A000100,S45939,CS101,I583,1,2023,Quiz,2023-01-22,69.04258228020781
A000101,S45939,CS101,I144,1,2023,Project,2023-01-30,79.25146819106284
A000102,S45939,CS101,I144,1,2023,Homework,2023-02-06,78.13580626115004
A000103,S93462,CS101,I144,1,2023,Quiz,2023-01-22,84.5269941051773
A000104,S93462,CS101,I583,1,2023,Quiz,2023-01-30,68.26908763880428
A000105,S93462,CS101,I144,1,2023,Exam,2023-02-06,68.58201326039534
A000106,S64814,CS102,I712,1,2023,Quiz,2023-01-22,86.46374380436163
A000107,S64814,CS102,I712,1,2023,Quiz,2023-01-30,68.80386830129947
A000108,S64814,CS102,I712,1,2023,Project,2023-02-06,50.40935680860733
A000109,S34188,CS102,I712,1,2023,Exam,2023-01-22,85.60241082863752
A000110,S34188,CS102,I712,1,2023,Quiz,2023-01-30,76.1497089988534
A000111,S34188,CS102,I712,1,2023,Homework,2023-02-06,97.31376474369685
A000112,S13913,CS102,I712,1,2023,Exam,2023-01-22,74.93126750626307
A000113,S13913,CS102,I712,1,2023,Project,2023-01-30,79.2742438324743
A000114,S13913,CS102,I712,1,2023,Quiz,2023-02-06,80.05050550416645
A000115,S45522,CS102,I712,1,2023,Exam,2023-01-22,80.47834431336621
A000116,S45522,CS102,I712,1,2023,Exam,2023-01-30,75.80559122941219
A000117,S45522,CS102,I712,1,2023,Quiz,2023-02-06,66.36859126892863
A000118,S84857,CS102,I712,1,2023,Homework,2023-01-22,78.24009324096473
A000119,S84857,CS102,I712,1,2023,Homework,2023-01-30,73.40759160753969
A000120,S84857,CS102,I712,1,2023,Homework,2023-02-06,78.33214205546949
A000121,S16437,CS102,I712,1,2023,Quiz,2023-01-22,63.49376692713521
A000122,S16437,CS102,I712,1,2023,Project,2023-01-30,73.66814216689527
A000123,S16437,CS102,I712,1,2023,Project,2023-02-06,69.22371991037701
A000124,S10131,CS102,I712,1,2023,Quiz,2023-01-22,99.88592311930675
A000125,S10131,CS102,I712,1,2023,Homework,2023-01-30,54.19318126997969
A000126,S10131,CS102,I712,1,2023,Homework,2023-02-06,86.1390807861063
A000127,S69611,CS102,I712,1,2023,Exam,2023-01-22,70.14532719538406
A000128,S69611,CS102,I712,1,2023,Quiz,2023-01-30,81.32445156434895
A000129,S69611,CS102,I712,1,2023,Exam,2023-02-06,63.30695641526279
A000130,S98557,CS102,I712,1,2023,Project,2023-01-22,88.75763139726656
A000131,S98557,CS102,I712,1,2023,Project,2023-01-30,86.53751357871398
A000132,S98557,CS102,I712,1,2023,Project,2023-02-06,87.6848989264858
A000133,S50135,CS102,I712,1,2023,Project,2023-01-22,92.19106901687778
A000134,S50135,CS102,I712,1,2023,Quiz,2023-01-30,71.124622662096
A000135,S50135,CS102,I712,1,2023,Quiz,2023-02-06,77.94942230384557
A000136,S95962,CS102,I712,1,2023,Homework,2023-01-22,67.63877960863562
A000137,S95962,CS102,I712,1,2023,Quiz,2023-01-30,83.50797116996677
A000138,S95962,CS102,I712,1,2023,Exam,2023-02-06,65.13951305296915
A000139,S74880,CS102,I712,1,2023,Exam,2023-01-22,76.31565744396973
A000140,S74880,CS102,I712,1,2023,Project,2023-01-30,91.79701468955682
A000141,S74880,CS102,I712,1,2023,Project,2023-02-06,84.57076168567342
A000142,S26226,CS102,I712,1,2023,Exam,2023-01-22,62.122087359104626
A000143,S26226,CS102,I712,1,2023,Homework,2023-01-30,73.71692126110432
A000144,S26226,CS102,I712,1,2023,Exam,2023-02-06,65.44332961765586
A000145,S10008,CS102,I712,1,2023,Homework,2023-01-22,89.9832020303351
A000146,S10008,CS102,I712,1,2023,Quiz,2023-01-30,71.88487407388479
A000147,S10008,CS102,I712,1,2023,Homework,2023-02-06,62.964642045219115
A000148,S29520,CS102,I712,1,2023,Project,2023-01-22,97.74746365882487
A000149,S29520,CS102,I712,1,2023,Exam,2023-01-30,52.76959851985076
A000150,S29520,CS102,I712,1,2023,Exam,2023-02-06,100
A000151,S64333,CS102,I712,1,2023,Project,2023-01-22,62.34691711005097
A000152,S64333,CS102,I712,1,2023,Quiz,2023-01-30,82.2207354012869
A000153,S64333,CS102,I712,1,2023,Quiz,2023-02-06,88.22253414611065
A000154,S66725,CS102,I712,1,2023,Homework,2023-01-22,81.72049183064142
A000155,S66725,CS102,I712,1,2023,Exam,2023-01-30,82.12359664393678
A000156,S66725,CS102,I712,1,2023,Homework,2023-02-06,57.48341670772706
A000157,S48018,CS102,I712,1,2023,Homework,2023-01-22,72.51274469001359
A000158,S48018,CS102,I712,1,2023,Quiz,2023-01-30,71.220060811565
A000159,S48018,CS102,I712,1,2023,Project,2023-02-06,85.37318328143786
A000160,S90023,CS102,I712,1,2023,Project,2023-01-22,70.60575231010583
A000161,S90023,CS102,I712,1,2023,Homework,2023-01-30,70.71826763383324
A000162,S90023,CS102,I712,1,2023,Homework,2023-02-06,56.4527498848271
A000163,S55121,CS102,I712,1,2023,Quiz,2023-01-22,82.64544155351419
A000164,S55121,CS102,I712,1,2023,Exam,2023-01-30,90.01600033565978
A000165,S55121,CS102,I712,1,2023,Homework,2023-02-06,75.20153963073147
A000166,S32965,CS102,I712,1,2023,Homework,2023-01-22,70.64269285130099
A000167,S32965,CS102,I712,1,2023,Quiz,2023-01-30,82.20876736751893
A000168,S32965,CS102,I712,1,2023,Exam,2023-02-06,62.046914703805605
A000169,S82874,CS102,I712,1,2023,Homework,2023-01-22,72.70369841961202
A000170,S82874,CS102,I712,1,2023,Exam,2023-01-30,68.74988023188779
A000171,S82874,CS102,I712,1,2023,Homework,2023-02-06,91.60654232940365
A000172,S31512,CS102,I712,1,2023,Homework,2023-01-22,99.9518401379434
A000173,S31512,CS102,I712,1,2023,Quiz,2023-01-30,80.34632691025038
A000174,S31512,CS102,I712,1,2023,Project,2023-02-06,71.44054005871223
A000175,S22219,CS102,I712,1,2023,Exam,2023-01-22,78.64376154684012
A000176,S22219,CS102,I712,1,2023,Exam,2023-01-30,62.06213114126539
A000177,S22219,CS102,I712,1,2023,Quiz,2023-02-06,75.16576571942171
A000178,S79331,CS102,I712,1,2023,Quiz,2023-01-22,72.49298721942073
A000179,S79331,CS102,I712,1,2023,Quiz,2023-01-30,81.91949870700287
A000180,S79331,CS102,I712,1,2023,Quiz,2023-02-06,67.49179020208027
A000181,S28970,CS102,I712,1,2023,Project,2023-01-22,59.30419470665577
A000182,S28970,CS102,I712,1,2023,Quiz,2023-01-30,72.38549953272368
A000183,S28970,CS102,I712,1,2023,Homework,2023-02-06,76.31955461300592
A000184,S33709,CS102,I712,1,2023,Homework,2023-01-22,72.22493055696613
A000185,S33709,CS102,I712,1,2023,Quiz,2023-01-30,72.2854728123041
A000186,S33709,CS102,I712,1,2023,Project,2023-02-06,82.30950501968272
A000187,S85510,CS102,I712,1,2023,Exam,2023-01-22,70.57627324239473
A000188,S85510,CS102,I712,1,2023,Project,2023-01-30,51.772948488566506
A000189,S85510,CS102,I712,1,2023,Project,2023-02-06,79.00186574270211
A000190,S43810,CS102,I712,1,2023,Quiz,2023-01-22,68.59415195371867
A000191,S43810,CS102,I712,1,2023,Exam,2023-01-30,76.6153528054205
A000192,S43810,CS102,I712,1,2023,Project,2023-02-06,69.82988084840537
A000193,S28839,CS102,I712,1,2023,Homework,2023-01-22,66.8246998072292
A000194,S28839,CS102,I712,1,2023,Quiz,2023-01-30,60.69004328789955
A000195,S28839,CS102,I712,1,2023,Homework,2023-02-06,63.662492483874125
A000196,S46506,CS102,I712,1,2023,Exam,2023-01-22,84.03745577943107
A000197,S46506,CS102,I712,1,2023,Exam,2023-01-30,62.75816568642628
A000198,S46506,CS102,I712,1,2023,Homework,2023-02-06,77.99379890792144
A000199,S80235,CS102,I712,1,2023,Quiz,2023-01-22,67.9809660235631
A000200,S80235,CS102,I712,1,2023,Project,2023-01-30,74.64573935299296
A000201,S80235,CS102,I712,1,2023,Project,2023-02-06,80.40858031015485
A000202,S49410,CS102,I712,1,2023,Exam,2023-01-22,81.23873226396493
A000203,S49410,CS102,I712,1,2023,Quiz,2023-01-30,68.33462182969383
A000204,S49410,CS102,I712,1,2023,Homework,2023-02-06,78.12438681506215
A000205,S75793,CS102,I712,1,2023,Quiz,2023-01-22,53.04909085184343
A000206,S75793,CS102,I712,1,2023,Quiz,2023-01-30,58.36908421623602
A000207,S75793,CS102,I712,1,2023,Quiz,2023-02-06,74.11452643146868
A000208,S18474,CS102,I712,1,2023,Homework,2023-01-22,71.26040717250513
A000209,S18474,CS102,I712,1,2023,Homework,2023-01-30,71.64668280044683
A000210,S18474,CS102,I712,1,2023,Homework,2023-02-06,83.04822707767458
A000211,S44870,CS103,I602,1,2023,Homework,2023-01-22,68.9648491444205
A000212,S44870,CS103,I602,1,2023,Quiz,2023-01-30,76.36801403294359
A000213,S44870,CS103,I602,1,2023,Exam,2023-02-06,62.86528112545789
A000214,S22790,CS103,I602,1,2023,Homework,2023-01-22,80.4975295853439
A000215,S22790,CS103,I602,1,2023,Quiz,2023-01-30,70.83178754953603
A000216,S22790,CS103,I602,1,2023,Project,2023-02-06,58.502839777935215
A000217,S52930,CS103,I602,1,2023,Project,2023-01-22,72.52146511549877
A000218,S52930,CS103,I602,1,2023,Project,2023-01-30,71.67901065611129
A000219,S52930,CS103,I602,1,2023,Exam,2023-02-06,94.10186033682972
A000220,S99335,CS103,I602,1,2023,Exam,2023-01-22,84.21939504838255
A000221,S99335,CS103,I602,1,2023,Quiz,2023-01-30,69.60291203206268
A000222,S99335,CS103,I602,1,2023,Exam,2023-02-06,81.43598808460561
A000223,S43572,CS103,I602,1,2023,Exam,2023-01-22,65.31003389116906
A000224,S43572,CS103,I602,1,2023,Quiz,2023-01-30,83.97567324440683
A000225,S43572,CS103,I602,1,2023,Exam,2023-02-06,64.77947867444286
A000226,S63110,CS103,I602,1,2023,Quiz,2023-01-22,67.16360521523171
A000227,S63110,CS103,I602,1,2023,Quiz,2023-01-30,81.46560531028885
A000228,S63110,CS103,I602,1,2023,Homework,2023-02-06,69.7286536200914
A000229,S12303,CS103,I602,1,2023,Exam,2023-01-22,79.65688625526982
A000230,S12303,CS103,I602,1,2023,Project,2023-01-30,70.06060075965348
A000231,S12303,CS103,I602,1,2023,Quiz,2023-02-06,58.8154881242575
A000232,S65143,CS103,I602,1,2023,Project,2023-01-22,74.15228757577927
A000233,S65143,CS103,I602,1,2023,Project,2023-01-30,72.8705575539021
A000234,S65143,CS103,I602,1,2023,Project,2023-02-06,75.9648078197169
A000235,S89649,CS103,I602,1,2023,Project,2023-01-22,67.26247571952561
A000236,S89649,CS103,I602,1,2023,Exam,2023-01-30,81.1703000949645
A000237,S89649,CS103,I602,1,2023,Exam,2023-02-06,98.30241248041375
A000238,S40089,CS103,I602,1,2023,Homework,2023-01-22,89.4746312375529
A000239,S40089,CS103,I602,1,2023,Quiz,2023-01-30,62.316887141222665
A000240,S40089,CS103,I602,1,2023,Exam,2023-02-06,65.01662666210804
A000241,S83790,CS103,I602,1,2023,Homework,2023-01-22,86.48836288811002
A000242,S83790,CS103,I602,1,2023,Homework,2023-01-30,91.51630383396545
A000243,S83790,CS103,I602,1,2023,Homework,2023-02-06,74.70661952373878
A000244,S53228,CS103,I602,1,2023,Quiz,2023-01-22,70.188784704698
A000245,S53228,CS103,I602,1,2023,Homework,2023-01-30,59.76746082783147
A000246,S53228,CS103,I602,1,2023,Project,2023-02-06,84.13554649326832
A000247,S75029,CS103,I602,1,2023,Project,2023-01-22,84.51275152694421
A000248,S75029,CS103,I602,1,2023,Project,2023-01-30,69.8532905168763
A000249,S75029,CS103,I602,1,2023,Exam,2023-02-06,65.63100399491692
A000250,S38603,CS103,I602,1,2023,Homework,2023-01-22,77.5572393566357
A000251,S38603,CS103,I602,1,2023,Project,2023-01-30,50.054059789931266
A000252,S38603,CS103,I602,1,2023,Homework,2023-02-06,83.48878035439357
A000253,S82874,CS103,I602,1,2023,Homework,2023-01-22,88.3936033109387
A000254,S82874,CS103,I602,1,2023,Quiz,2023-01-30,85.49005413382645
A000255,S82874,CS103,I602,1,2023,Quiz,2023-02-06,53.40032497177878
A000256,S97830,CS103,I602,1,2023,Exam,2023-01-22,61.468174780340846
A000257,S97830,CS103,I602,1,2023,Exam,2023-01-30,76.08619655435439
A000258,S97830,CS103,I602,1,2023,Quiz,2023-02-06,67.71895377913276
A000259,S36501,CS103,I602,1,2023,Homework,2023-01-22,72.21835923053196
A000260,S36501,CS103,I602,1,2023,Quiz,2023-01-30,89.42353003066195
A000261,S36501,CS103,I602,1,2023,Exam,2023-02-06,77.46258912550473
A000262,S15538,CS103,I602,1,2023,Quiz,2023-01-22,64.38353616101298
A000263,S15538,CS103,I602,1,2023,Homework,2023-01-30,72.31967449078293
A000264,S15538,CS103,I602,1,2023,Quiz,2023-02-06,79.8643843258485
A000265,S55121,CS103,I602,1,2023,Homework,2023-01-22,78.90185188923101
A000266,S55121,CS103,I602,1,2023,Homework,2023-01-30,69.63703200330433
A000267,S55121,CS103,I602,1,2023,Homework,2023-02-06,69.83755301275372
A000268,S30099,CS103,I602,1,2023,Project,2023-01-22,70.55306889714751
A000269,S30099,CS103,I602,1,2023,Project,2023-01-30,72.36285780188722
A000270,S30099,CS103,I602,1,2023,Exam,2023-02-06,44.55310291858361
A000271,S34152,CS103,I602,1,2023,Project,2023-01-22,62.46244924860471
A000272,S34152,CS103,I602,1,2023,Homework,2023-01-30,70.42288973551912
A000273,S34152,CS103,I602,1,2023,Homework,2023-02-06,66.22787362037042
A000274,S84857,CS103,I602,1,2023,Project,2023-01-22,69.4482367807262
A000275,S84857,CS103,I602,1,2023,Quiz,2023-01-30,73.34548006007698
A000276,S84857,CS103,I602,1,2023,Quiz,2023-02-06,66.2771779895024
A000277,S66506,CS103,I602,1,2023,Quiz,2023-01-22,60.13914701465008
A000278,S66506,CS103,I602,1,2023,Exam,2023-01-30,82.8725496097261
A000279,S66506,CS103,I602,1,2023,Exam,2023-02-06,71.03185861323307
A000280,S73805,CS103,I602,1,2023,Homework,2023-01-22,80.83669847979284
A000281,S73805,CS103,I602,1,2023,Project,2023-01-30,92.91827562312669
A000282,S73805,CS103,I602,1,2023,Homework,2023-02-06,86.4437736303872
A000283,S56014,CS103,I602,1,2023,Project,2023-01-22,72.25601163782142
A000284,S56014,CS103,I602,1,2023,Homework,2023-01-30,70.94961707451468
A000285,S56014,CS103,I602,1,2023,Project,2023-02-06,73.71777521429438
A000286,S49678,CS103,I602,1,2023,Homework,2023-01-22,80.09005981955785
A000287,S49678,CS103,I602,1,2023,Quiz,2023-01-30,79.69621924151184
A000288,S49678,CS103,I602,1,2023,Exam,2023-02-06,87.00110153756076
A000289,S50653,CS103,I602,1,2023,Exam,2023-01-22,84.08340766230202
A000290,S50653,CS103,I602,1,2023,Project,2023-01-30,71.84300753117299
A000291,S50653,CS103,I602,1,2023,Exam,2023-02-06,80.62442373690202
A000292,S44397,CS103,I602,1,2023,Exam,2023-01-22,63.311321854169805
A000293,S44397,CS103,I602,1,2023,Exam,2023-01-30,48.49812364212815
A000294,S44397,CS103,I602,1,2023,Quiz,2023-02-06,87.04621301374068
A000295,S78072,CS103,I602,1,2023,Quiz,2023-01-22,58.47469274400099
A000296,S78072,CS103,I602,1,2023,Quiz,2023-01-30,74.9564140072856
A000297,S78072,CS103,I602,1,2023,Project,2023-02-06,75.62641164531512
A000298,S85510,CS103,I602,1,2023,Homework,2023-01-22,84.81889725723748
A000299,S85510,CS103,I602,1,2023,Exam,2023-01-30,82.68912592908865
A000300,S85510,CS103,I602,1,2023,Homework,2023-02-06,54.43150802929959
A000301,S84975,CS103,I602,1,2023,Project,2023-01-22,68.10114413561395
A000302,S84975,CS103,I602,1,2023,Project,2023-01-30,70.11871402577641
A000303,S84975,CS103,I602,1,2023,Homework,2023-02-06,73.19166548103945
A000304,S79837,CS103,I602,1,2023,Homework,2023-01-22,64.37587620121742
A000305,S79837,CS103,I602,1,2023,Project,2023-01-30,83.18438976268334
A000306,S79837,CS103,I602,1,2023,Exam,2023-02-06,80.08973587043255
A000307,S93462,CS103,I602,1,2023,Quiz,2023-01-22,74.48359685745889
A000308,S93462,CS103,I602,1,2023,Quiz,2023-01-30,71.82740790607234
A000309,S93462,CS103,I602,1,2023,Project,2023-02-06,58.145723880890195
A000310,S17739,CS103,I602,1,2023,Exam,2023-01-22,58.57417809215051
A000311,S17739,CS103,I602,1,2023,Quiz,2023-01-30,75.25085661531801
A000312,S17739,CS103,I602,1,2023,Project,2023-02-06,95.13410049139985
A000313,S58952,CS103,I602,1,2023,Exam,2023-01-22,90.99823534565283
A000314,S58952,CS103,I602,1,2023,Exam,2023-01-30,75.45600262150906
A000315,S58952,CS103,I602,1,2023,Homework,2023-02-06,70.62755993162354
A000316,S87850,CS104,I596,1,2023,Quiz,2023-01-22,88.07300497552197
A000317,S87850,CS104,I327,1,2023,Homework,2023-01-30,73.60121128146912
A000318,S87850,CS104,I583,1,2023,Quiz,2023-02-06,42.33315618534367
A000319,S43572,CS104,I583,1,2023,Quiz,2023-01-22,81.08967583054391
A000320,S43572,CS104,I327,1,2023,Project,2023-01-30,68.79356656458961
A000321,S43572,CS104,I583,1,2023,Project,2023-02-06,62.9944280305511
A000322,S43507,CS104,I596,1,2023,Exam,2023-01-22,85.60199790348678
A000323,S43507,CS104,I583,1,2023,Project,2023-01-30,74.34138446794937
A000324,S43507,CS104,I583,1,2023,Exam,2023-02-06,68.6079691744098
A000325,S73805,CS104,I583,1,2023,Project,2023-01-22,71.59823017082235
A000326,S73805,CS104,I596,1,2023,Project,2023-01-30,76.45680027404558
A000327,S73805,CS104,I596,1,2023,Project,2023-02-06,73.97361877478514
A000328,S75793,CS104,I596,1,2023,Project,2023-01-22,74.7188108613799
A000329,S75793,CS104,I596,1,2023,Exam,2023-01-30,69.30645631043757
A000330,S75793,CS104,I583,1,2023,Quiz,2023-02-06,75.20573833804056
A000331,S66923,CS104,I596,1,2023,Exam,2023-01-22,88.08469291691048
A000332,S66923,CS104,I327,1,2023,Exam,2023-01-30,67.81735561926689
A000333,S66923,CS104,I596,1,2023,Project,2023-02-06,66.24952691825646
A000334,S83790,CS104,I327,1,2023,Project,2023-01-22,70.64640932545859
A000335,S83790,CS104,I327,1,2023,Project,2023-01-30,61.37843607568003
A000336,S83790,CS104,I596,1,2023,Project,2023-02-06,69.97726515228946
A000337,S55833,CS104,I327,1,2023,Exam,2023-01-22,74.65641395878049
A000338,S55833,CS104,I583,1,2023,Homework,2023-01-30,63.85909472966739
A000339,S55833,CS104,I327,1,2023,Project,2023-02-06,83.20962660373844
A000340,S82874,CS104,I327,1,2023,Quiz,2023-01-22,73.05125080666907
A000341,S82874,CS104,I327,1,2023,Homework,2023-01-30,76.27390313420605
A000342,S82874,CS104,I583,1,2023,Quiz,2023-02-06,78.77767772231823
A000343,S80617,CS104,I327,1,2023,Homework,2023-01-22,76.65667085332737
A000344,S80617,CS104,I596,1,2023,Project,2023-01-30,62.371700211973504
A000345,S80617,CS104,I596,1,2023,Quiz,2023-02-06,66.65581778486766
A000346,S74880,CS104,I327,1,2023,Exam,2023-01-22,66.39324514503038
A000347,S74880,CS104,I596,1,2023,Exam,2023-01-30,82.25767221484129
A000348,S74880,CS104,I327,1,2023,Exam,2023-02-06,85.23902013674332
A000349,S48018,CS104,I583,1,2023,Exam,2023-01-22,70.55351977098047
A000350,S48018,CS104,I596,1,2023,Quiz,2023-01-30,91.9859936863782
A000351,S48018,CS104,I583,1,2023,Homework,2023-02-06,69.65529967744368
A000352,S39645,CS104,I583,1,2023,Homework,2023-01-22,91.41431890612076
A000353,S39645,CS104,I583,1,2023,Project,2023-01-30,76.87186415736396
A000354,S39645,CS104,I583,1,2023,Project,2023-02-06,93.17416744068306
A000355,S64333,CS104,I596,1,2023,Project,2023-01-22,78.51351677213385
A000356,S64333,CS104,I327,1,2023,Exam,2023-01-30,85.4594146366505
A000357,S64333,CS104,I596,1,2023,Project,2023-02-06,76.99977667094416
A000358,S15538,CS104,I596,1,2023,Homework,2023-01-22,64.58213412162189
A000359,S15538,CS104,I583,1,2023,Homework,2023-01-30,83.11451119952194
A000360,S15538,CS104,I583,1,2023,Exam,2023-02-06,86.81569777739355
A000361,S28970,CS104,I596,1,2023,Exam,2023-01-22,71.7252390206334
A000362,S28970,CS104,I583,1,2023,Project,2023-01-30,64.21352894039323
A000363,S28970,CS104,I583,1,2023,Project,2023-02-06,80.33785455413991
A000364,S30663,CS104,I596,1,2023,Exam,2023-01-22,72.37361601664307
A000365,S30663,CS104,I583,1,2023,Exam,2023-01-30,85.07338649982903
A000366,S30663,CS104,I583,1,2023,Exam,2023-02-06,83.85478991769459
A000367,S32965,CS104,I596,1,2023,Exam,2023-01-22,93.35345361065148
A000368,S32965,CS104,I596,1,2023,Exam,2023-01-30,77.91059729985986
A000369,S32965,CS104,I583,1,2023,Quiz,2023-02-06,68.20053993617022
A000370,S32616,CS104,I583,1,2023,Project,2023-01-22,74.14951292542275
A000371,S32616,CS104,I596,1,2023,Exam,2023-01-30,88.9229392914309
A000372,S32616,CS104,I596,1,2023,Homework,2023-02-06,77.41030142853944
A000373,S86535,CS104,I583,1,2023,Quiz,2023-01-22,76.93573377034946
A000374,S86535,CS104,I583,1,2023,Exam,2023-01-30,74.05097775013971
A000375,S86535,CS104,I583,1,2023,Project,2023-02-06,67.06115268532666
A000376,S47815,CS104,I327,1,2023,Quiz,2023-01-22,83.95135542719731
A000377,S47815,CS104,I327,1,2023,Exam,2023-01-30,84.68792258778767
A000378,S47815,CS104,I327,1,2023,Project,2023-02-06,89.65962121849992
A000379,S74020,CS104,I583,1,2023,Quiz,2023-01-22,94.86255662985833
A000380,S74020,CS104,I583,1,2023,Exam,2023-01-30,80.84924870245358
A000381,S74020,CS104,I596,1,2023,Homework,2023-02-06,81.89918537938135
A000382,S66725,CS104,I583,1,2023,Exam,2023-01-22,77.87978082045157
A000383,S66725,CS104,I583,1,2023,Homework,2023-01-30,68.28400647529233
A000384,S66725,CS104,I327,1,2023,Exam,2023-02-06,84.5365245979343
A000385,S71779,CS104,I583,1,2023,Exam,2023-01-22,83.48771515604017
A000386,S71779,CS104,I327,1,2023,Project,2023-01-30,68.29863849264736
A000387,S71779,CS104,I596,1,2023,Exam,2023-02-06,76.40450978566494
A000388,S93812,CS104,I596,1,2023,Exam,2023-01-22,73.10811688600018
A000389,S93812,CS104,I596,1,2023,Quiz,2023-01-30,68.28808242871652
A000390,S93812,CS104,I583,1,2023,Exam,2023-02-06,81.48276537205675
A000391,S49284,CS104,I583,1,2023,Exam,2023-01-22,59.20668431418332
A000392,S49284,CS104,I327,1,2023,Project,2023-01-30,83.66831163324716
A000393,S49284,CS104,I596,1,2023,Project,2023-02-06,53.52614751161123
A000394,S58089,CS104,I596,1,2023,Quiz,2023-01-22,64.73563433540609
A000395,S58089,CS104,I583,1,2023,Project,2023-01-30,69.32091391020542
A000396,S58089,CS104,I583,1,2023,Exam,2023-02-06,85.89504901613242
A000397,S36501,CS104,I596,1,2023,Homework,2023-01-22,77.76516945372062
A000398,S36501,CS104,I596,1,2023,Project,2023-01-30,61.7417906730558
A000399,S36501,CS104,I583,1,2023,Quiz,2023-02-06,83.81266563479605
A000400,S48793,CS104,I583,1,2023,Homework,2023-01-22,78.02909238604127
A000401,S48793,CS104,I596,1,2023,Project,2023-01-30,66.4099909085454
A000402,S48793,CS104,I583,1,2023,Quiz,2023-02-06,66.43754467807949
A000403,S19843,CS104,I583,1,2023,Project,2023-01-22,83.94761041819672
A000404,S19843,CS104,I596,1,2023,Homework,2023-01-30,82.99861847918615
A000405,S19843,CS104,I327,1,2023,Exam,2023-02-06,66.9696130870192
A000406,S45167,CS104,I583,1,2023,Homework,2023-01-22,80.77569366690376
A000407,S45167,CS104,I596,1,2023,Project,2023-01-30,89.69355191763626
A000408,S45167,CS104,I583,1,2023,Homework,2023-02-06,71.18262108262219
A000409,S53228,CS104,I327,1,2023,Quiz,2023-01-22,73.57221736530455
A000410,S53228,CS104,I596,1,2023,Exam,2023-01-30,65.1947552109529
A000411,S53228,CS104,I583,1,2023,Quiz,2023-02-06,71.5914992721038
A000412,S64814,CS104,I327,1,2023,Quiz,2023-01-22,75.62939384377052
A000413,S64814,CS104,I583,1,2023,Project,2023-01-30,71.52019563274823
A000414,S64814,CS104,I583,1,2023,Homework,2023-02-06,75.91353994315175
A000415,S80234,CS104,I583,1,2023,Homework,2023-01-22,75.14343593677411
A000416,S80234,CS104,I596,1,2023,Homework,2023-01-30,60.5153267770785
A000417,S80234,CS104,I327,1,2023,Quiz,2023-02-06,85.54594583239458
A000418,S88364,CS104,I596,1,2023,Project,2023-01-22,69.44747427831798
A000419,S88364,CS104,I583,1,2023,Quiz,2023-01-30,72.02229672419666
A000420,S88364,CS104,I583,1,2023,Exam,2023-02-06,45.977779144971024
A000421,S45206,CS105,I712,1,2023,Project,2023-01-22,80.31444040164887
A000422,S45206,CS105,I181,1,2023,Homework,2023-01-30,83.95160263479411
A000423,S45206,CS105,I181,1,2023,Project,2023-02-06,75.5741827515982
A000424,S78089,CS105,I181,1,2023,Project,2023-01-22,75.0894977885654
A000425,S78089,CS105,I181,1,2023,Project,2023-01-30,73.84170566796747
A000426,S78089,CS105,I181,1,2023,Exam,2023-02-06,81.86649999856282
A000427,S39325,CS105,I181,1,2023,Exam,2023-01-22,82.05838809699621
A000428,S39325,CS105,I712,1,2023,Homework,2023-01-30,78.78173015307617
A000429,S39325,CS105,I712,1,2023,Homework,2023-02-06,81.79749872497601
A000430,S91956,CS105,I712,1,2023,Homework,2023-01-22,71.04123217787699
A000431,S91956,CS105,I712,1,2023,Project,2023-01-30,68.90870770747804
A000432,S91956,CS105,I712,1,2023,Homework,2023-02-06,81.21843288922672
A000433,S64814,CS105,I712,1,2023,Project,2023-01-22,66.75939074099773
A000434,S64814,CS105,I712,1,2023,Project,2023-01-30,73.98452802616767
A000435,S64814,CS105,I181,1,2023,Exam,2023-02-06,74.79904874300342
A000436,S32269,CS105,I181,1,2023,Project,2023-01-22,73.60331549508379
A000437,S32269,CS105,I712,1,2023,Homework,2023-01-30,79.81555148844372
A000438,S32269,CS105,I712,1,2023,Homework,2023-02-06,71.32667549143382
A000439,S99390,CS105,I712,1,2023,Homework,2023-01-22,82.99445389620367
A000440,S99390,CS105,I712,1,2023,Homework,2023-01-30,73.28360379377746
A000441,S99390,CS105,I712,1,2023,Homework,2023-02-06,82.16430783407526
A000442,S26061,CS105,I712,1,2023,Project,2023-01-22,83.34747538100824
A000443,S26061,CS105,I712,1,2023,Homework,2023-01-30,67.703522335864
A000444,S26061,CS105,I181,1,2023,Project,2023-02-06,71.33847623588076
A000445,S58089,CS105,I712,1,2023,Exam,2023-01-22,82.38188733417627
A000446,S58089,CS105,I712,1,2023,Quiz,2023-01-30,71.17938379339867
A000447,S58089,CS105,I712,1,2023,Quiz,2023-02-06,74.09618318267707
A000448,S45522,CS105,I181,1,2023,Quiz,2023-01-22,68.30048831135548
A000449,S45522,CS105,I181,1,2023,Homework,2023-01-30,89.77881304476692
A000450,S45522,CS105,I181,1,2023,Homework,2023-02-06,85.56769007399905
A000451,S54038,CS105,I712,1,2023,Project,2023-01-22,67.74844015477291
A000452,S54038,CS105,I712,1,2023,Quiz,2023-01-30,75.6791260053226
A000453,S54038,CS105,I181,1,2023,Project,2023-02-06,84.7767114186489
A000454,S49410,CS105,I181,1,2023,Quiz,2023-01-22,80.90101996983911
A000455,S49410,CS105,I712,1,2023,Homework,2023-01-30,77.37440678240571
A000456,S49410,CS105,I181,1,2023,Homework,2023-02-06,86.03703286356058
A000457,S90314,CS105,I712,1,2023,Homework,2023-01-22,83.98099350901313
A000458,S90314,CS105,I712,1,2023,Project,2023-01-30,80.04602423437952
A000459,S90314,CS105,I712,1,2023,Project,2023-02-06,88.30223060346546
A000460,S66923,CS105,I181,1,2023,Project,2023-01-22,76.89267207120554
A000461,S66923,CS105,I712,1,2023,Exam,2023-01-30,83.8543218117589
A000462,S66923,CS105,I181,1,2023,Quiz,2023-02-06,80.45614842349255
A000463,S75793,CS105,I181,1,2023,Homework,2023-01-22,68.70275217977766
A000464,S75793,CS105,I712,1,2023,Project,2023-01-30,62.877388223223335
A000465,S75793,CS105,I181,1,2023,Homework,2023-02-06,80.406563579523
A000466,S72917,CS105,I712,1,2023,Quiz,2023-01-22,74.47288109565218
A000467,S72917,CS105,I181,1,2023,Quiz,2023-01-30,57.419899864554125
A000468,S72917,CS105,I181,1,2023,Homework,2023-02-06,82.67188550474664
A000469,S17331,CS105,I712,1,2023,Project,2023-01-22,66.54937012058907
A000470,S17331,CS105,I181,1,2023,Quiz,2023-01-30,75.45930280892115
A000471,S17331,CS105,I712,1,2023,Quiz,2023-02-06,75.87798077359909
A000472,S90023,CS105,I181,1,2023,Quiz,2023-01-22,88.61033333176393
A000473,S90023,CS105,I181,1,2023,Exam,2023-01-30,85.94801129101577
A000474,S90023,CS105,I712,1,2023,Exam,2023-02-06,69.9425093003397
A000475,S22219,CS105,I712,1,2023,Quiz,2023-01-22,73.20983213733001
A000476,S22219,CS105,I181,1,2023,Project,2023-01-30,72.43610103293109
A000477,S22219,CS105,I712,1,2023,Project,2023-02-06,89.68361961693387
A000478,S30099,CS105,I181,1,2023,Exam,2023-01-22,73.3336081219091
A000479,S30099,CS105,I712,1,2023,Homework,2023-01-30,88.86050001430122
A000480,S30099,CS105,I712,1,2023,Project,2023-02-06,89.34481712347542
A000481,S48793,CS105,I712,1,2023,Homework,2023-01-22,76.89111758755638
A000482,S48793,CS105,I181,1,2023,Project,2023-01-30,82.42911462623469
A000483,S48793,CS105,I712,1,2023,Homework,2023-02-06,83.74733328805372
A000484,S84857,CS105,I712,1,2023,Homework,2023-01-22,72.18710466573602
A000485,S84857,CS105,I712,1,2023,Project,2023-01-30,82.82992989527622
A000486,S84857,CS105,I712,1,2023,Exam,2023-02-06,83.63724676827015
A000487,S98374,CS105,I181,1,2023,Homework,2023-01-22,76.9592510892438
A000488,S98374,CS105,I712,1,2023,Project,2023-01-30,73.72551423861563
A000489,S98374,CS105,I181,1,2023,Project,2023-02-06,69.59612295304662
A000490,S77810,CS105,I712,1,2023,Project,2023-01-22,84.50971995394373
A000491,S77810,CS105,I181,1,2023,Quiz,2023-01-30,65.62893694657649
A000492,S77810,CS105,I712,1,2023,Quiz,2023-02-06,81.46713222937605
A000493,S14141,CS105,I181,1,2023,Exam,2023-01-22,50.99504714823992
A000494,S14141,CS105,I181,1,2023,Exam,2023-01-30,73.91776212478023
A000495,S14141,CS105,I181,1,2023,Homework,2023-02-06,72.44170293878297
A000496,S80235,CS105,I181,1,2023,Homework,2023-01-22,82.8641393251126
A000497,S80235,CS105,I181,1,2023,Project,2023-01-30,76.82406344348117
A000498,S80235,CS105,I181,1,2023,Exam,2023-02-06,92.59710574753295
A000499,S30663,CS105,I181,1,2023,Project,2023-01-22,72.90237408536372
A000500,S30663,CS105,I181,1,2023,Quiz,2023-01-30,77.5062156197207
A000501,S30663,CS105,I712,1,2023,Homework,2023-02-06,65.23591223341789
A000502,S32498,CS105,I181,1,2023,Homework,2023-01-22,81.07132883646008
A000503,S32498,CS105,I712,1,2023,Project,2023-01-30,63.633531972884846
A000504,S32498,CS105,I181,1,2023,Exam,2023-02-06,82.5288851372022
A000505,S76736,CS105,I181,1,2023,Exam,2023-01-22,81.43734172431593
A000506,S76736,CS105,I181,1,2023,Project,2023-01-30,76.19263626573836
A000507,S76736,CS105,I181,1,2023,Homework,2023-02-06,77.74946873288907
A000508,S66506,CS105,I712,1,2023,Project,2023-01-22,88.23812346981325
A000509,S66506,CS105,I712,1,2023,Quiz,2023-01-30,71.56937190447478
A000510,S66506,CS105,I712,1,2023,Homework,2023-02-06,65.29364565722088
A000511,S47135,CS105,I181,1,2023,Project,2023-01-22,49.787112044698496
A000512,S47135,CS105,I712,1,2023,Homework,2023-01-30,81.95676785242362
A000513,S47135,CS105,I712,1,2023,Exam,2023-02-06,95.54411035170125
A000514,S26300,CS105,I181,1,2023,Project,2023-01-22,80.6190769776538
A000515,S26300,CS105,I181,1,2023,Homework,2023-01-30,80.92003527104234
A000516,S26300,CS105,I712,1,2023,Project,2023-02-06,74.03309242118522
A000517,S34152,CS105,I712,1,2023,Project,2023-01-22,63.349323412402825
A000518,S34152,CS105,I712,1,2023,Quiz,2023-01-30,88.20002390705024
A000519,S34152,CS105,I181,1,2023,Project,2023-02-06,71.10570742006544
A000520,S99017,CS105,I712,1,2023,Exam,2023-01-22,79.16105298328986
A000521,S99017,CS105,I181,1,2023,Project,2023-01-30,76.2068860138743
A000522,S99017,CS105,I712,1,2023,Project,2023-02-06,81.1733769905682
A000523,S12303,CS105,I181,1,2023,Homework,2023-01-22,77.47648428532551
A000524,S12303,CS105,I181,1,2023,Quiz,2023-01-30,62.97989842713983
A000525,S12303,CS105,I712,1,2023,Project,2023-02-06,74.94304475242762
A000526,S38603,CS106,I180,1,2023,Homework,2023-01-22,83.1732734864398
A000527,S38603,CS106,I180,1,2023,Exam,2023-01-30,71.50279066320793
A000528,S38603,CS106,I180,1,2023,Quiz,2023-02-06,76.8386134962117
A000529,S36501,CS106,I180,1,2023,Quiz,2023-01-22,76.44100365365784
A000530,S36501,CS106,I180,1,2023,Homework,2023-01-30,86.04355127418769
A000531,S36501,CS106,I180,1,2023,Quiz,2023-02-06,70.2633670058496
A000532,S92429,CS106,I180,1,2023,Homework,2023-01-22,84.36582598302576
A000533,S92429,CS106,I180,1,2023,Exam,2023-01-30,62.720618536249304
A000534,S92429,CS106,I180,1,2023,Quiz,2023-02-06,67.46366469134414
A000535,S28970,CS106,I180,1,2023,Exam,2023-01-22,71.88743081935496
A000536,S28970,CS106,I180,1,2023,Quiz,2023-01-30,64.53598086366027
A000537,S28970,CS106,I180,1,2023,Exam,2023-02-06,70.91846464324117
A000538,S13513,CS106,I180,1,2023,Exam,2023-01-22,68.1849892288974
A000539,S13513,CS106,I180,1,2023,Exam,2023-01-30,84.8888991283369
A000540,S13513,CS106,I180,1,2023,Project,2023-02-06,55.96339403162147
A000541,S33157,CS106,I180,1,2023,Project,2023-01-22,75.16050790764534
A000542,S33157,CS106,I180,1,2023,Homework,2023-01-30,72.49916366261633
A000543,S33157,CS106,I180,1,2023,Project,2023-02-06,58.82584262316779
A000544,S19330,CS106,I180,1,2023,Project,2023-01-22,81.36679373627797
A000545,S19330,CS106,I180,1,2023,Project,2023-01-30,61.84714613378533
A000546,S19330,CS106,I180,1,2023,Homework,2023-02-06,76.95477904845337
A000547,S53313,CS106,I180,1,2023,Quiz,2023-01-22,89.55545509331182
A000548,S53313,CS106,I180,1,2023,Exam,2023-01-30,84.2237572198797
A000549,S53313,CS106,I180,1,2023,Project,2023-02-06,87.05529299100817
A000550,S93844,CS106,I180,1,2023,Project,2023-01-22,77.84214993447374
A000551,S93844,CS106,I180,1,2023,Quiz,2023-01-30,86.07660927473715
A000552,S93844,CS106,I180,1,2023,Quiz,2023-02-06,79.30779355645595
A000553,S58077,CS106,I180,1,2023,Exam,2023-01-22,72.52743454504179
A000554,S58077,CS106,I180,1,2023,Exam,2023-01-30,77.8099063136141
A000555,S58077,CS106,I180,1,2023,Exam,2023-02-06,80.22861017172208
A000556,S99335,CS106,I180,1,2023,Quiz,2023-01-22,75.7385974333018
A000557,S99335,CS106,I180,1,2023,Exam,2023-01-30,64.16279270658029
A000558,S99335,CS106,I180,1,2023,Quiz,2023-02-06,61.40179764274113
A000559,S18474,CS106,I180,1,2023,Homework,2023-01-22,65.066259409067
A000560,S18474,CS106,I180,1,2023,Exam,2023-01-30,71.53395333296726
A000561,S18474,CS106,I180,1,2023,Quiz,2023-02-06,79.5817442351447
A000562,S87850,CS106,I180,1,2023,Exam,2023-01-22,70.55809460558245
A000563,S87850,CS106,I180,1,2023,Homework,2023-01-30,65.68410071464342
A000564,S87850,CS106,I180,1,2023,Project,2023-02-06,61.861242277195274
A000565,S28839,CS106,I180,1,2023,Exam,2023-01-22,71.42024584080525
A000566,S28839,CS106,I180,1,2023,Homework,2023-01-30,79.99739020059317
A000567,S28839,CS106,I180,1,2023,Project,2023-02-06,58.216384130219716
A000568,S76736,CS106,I180,1,2023,Quiz,2023-01-22,89.23372801021867
A000569,S76736,CS106,I180,1,2023,Quiz,2023-01-30,74.29140178293147
A000570,S76736,CS106,I180,1,2023,Quiz,2023-02-06,76.58280507745823
A000571,S77810,CS106,I180,1,2023,Project,2023-01-22,68.51686729498294
A000572,S77810,CS106,I180,1,2023,Project,2023-01-30,68.49813342315824
A000573,S77810,CS106,I180,1,2023,Quiz,2023-02-06,79.0919352291015
A000574,S75029,CS106,I180,1,2023,Project,2023-01-22,68.29520644600593
A000575,S75029,CS106,I180,1,2023,Exam,2023-01-30,66.04730662547
A000576,S75029,CS106,I180,1,2023,Quiz,2023-02-06,75.73408775840318
A000577,S76443,CS106,I180,1,2023,Quiz,2023-01-22,63.919981855581014
A000578,S76443,CS106,I180,1,2023,Exam,2023-01-30,80.47843910216145
A000579,S76443,CS106,I180,1,2023,Project,2023-02-06,67.93754622787354
A000580,S64333,CS106,I180,1,2023,Homework,2023-01-22,79.14411516065105
A000581,S64333,CS106,I180,1,2023,Quiz,2023-01-30,77.09128282933767
A000582,S64333,CS106,I180,1,2023,Project,2023-02-06,81.84053262362842
A000583,S73805,CS106,I180,1,2023,Homework,2023-01-22,89.23727401911235
A000584,S73805,CS106,I180,1,2023,Project,2023-01-30,71.07476105249864
A000585,S73805,CS106,I180,1,2023,Exam,2023-02-06,66.94178194172368
A000586,S66591,CS106,I180,1,2023,Exam,2023-01-22,72.59844635667618
A000587,S66591,CS106,I180,1,2023,Exam,2023-01-30,73.83004972640136
A000588,S66591,CS106,I180,1,2023,Exam,2023-02-06,60.2617987885295
A000589,S29520,CS106,I180,1,2023,Quiz,2023-01-22,67.45560051626617
A000590,S29520,CS106,I180,1,2023,Quiz,2023-01-30,82.45922414280277
A000591,S29520,CS106,I180,1,2023,Quiz,2023-02-06,71.63352506947503
A000592,S39645,CS106,I180,1,2023,Homework,2023-01-22,70.97646330787029
A000593,S39645,CS106,I180,1,2023,Quiz,2023-01-30,75.64191880741183
A000594,S39645,CS106,I180,1,2023,Exam,2023-02-06,76.04285576040803
A000595,S74262,CS106,I180,1,2023,Homework,2023-01-22,77.32840425638138
A000596,S74262,CS106,I180,1,2023,Homework,2023-01-30,62.328511193756455
A000597,S74262,CS106,I180,1,2023,Project,2023-02-06,80.17334550331373
A000598,S67583,CS106,I180,1,2023,Exam,2023-01-22,83.80259935646208
A000599,S67583,CS106,I180,1,2023,Homework,2023-01-30,63.89678567618744
A000600,S67583,CS106,I180,1,2023,Homework,2023-02-06,76.05670272257241
A000601,S79957,CS106,I180,1,2023,Exam,2023-01-22,68.52397792124445
A000602,S79957,CS106,I180,1,2023,Homework,2023-01-30,73.05909375402312
A000603,S79957,CS106,I180,1,2023,Quiz,2023-02-06,65.50861688702386
A000604,S78158,CS106,I180,1,2023,Homework,2023-01-22,90.24767692548623
A000605,S78158,CS106,I180,1,2023,Homework,2023-01-30,70.89565358308396
A000606,S78158,CS106,I180,1,2023,Project,2023-02-06,73.53793972267701
A000607,S89392,CS106,I180,1,2023,Project,2023-01-22,91.12844145676121
A000608,S89392,CS106,I180,1,2023,Quiz,2023-01-30,77.93742979566068
A000609,S89392,CS106,I180,1,2023,Homework,2023-02-06,70.65763633352618
A000610,S51349,CS106,I180,1,2023,Exam,2023-01-22,64.86888689579172
A000611,S51349,CS106,I180,1,2023,Quiz,2023-01-30,58.86323761152733
A000612,S51349,CS106,I180,1,2023,Project,2023-02-06,79.62185873809017
A000613,S12652,CS106,I180,1,2023,Homework,2023-01-22,75.77090367867525
A000614,S12652,CS106,I180,1,2023,Homework,2023-01-30,72.8748616141265
A000615,S12652,CS106,I180,1,2023,Homework,2023-02-06,67.71580130599345
A000616,S74020,CS106,I180,1,2023,Quiz,2023-01-22,96.67559201115466
A000617,S74020,CS106,I180,1,2023,Exam,2023-01-30,68.39497989820325
A000618,S74020,CS106,I180,1,2023,Quiz,2023-02-06,73.55944697422535
A000619,S63110,CS106,I180,1,2023,Project,2023-01-22,68.47463706776513
A000620,S63110,CS106,I180,1,2023,Homework,2023-01-30,82.49378905169547
A000621,S63110,CS106,I180,1,2023,Exam,2023-02-06,100
A000622,S72917,CS106,I180,1,2023,Quiz,2023-01-22,80.1166148610537
A000623,S72917,CS106,I180,1,2023,Homework,2023-01-30,71.25796689527108
A000624,S72917,CS106,I180,1,2023,Homework,2023-02-06,67.3456747746776
A000625,S91956,CS106,I180,1,2023,Quiz,2023-01-22,79.98867858270641
A000626,S91956,CS106,I180,1,2023,Project,2023-01-30,77.58719818689572
A000627,S91956,CS106,I180,1,2023,Exam,2023-02-06,64.26793108910496
A000628,S33640,CS106,I180,1,2023,Quiz,2023-01-22,73.4810610295603
A000629,S33640,CS106,I180,1,2023,Exam,2023-01-30,69.63693386367213
A000630,S33640,CS106,I180,1,2023,Exam,2023-02-06,73.63127214398122
A000631,S92930,CS101,I583,2,2023,Homework,2023-08-22,78.7131075489681
A000632,S92930,CS101,I583,2,2023,Quiz,2023-08-30,78.08391427366291
A000633,S92930,CS101,I583,2,2023,Homework,2023-09-06,74.22568536587555
A000634,S56014,CS101,I144,2,2023,Quiz,2023-08-22,56.137074897880765
A000635,S56014,CS101,I144,2,2023,Homework,2023-08-30,70.17608959117251
A000636,S56014,CS101,I583,2,2023,Exam,2023-09-06,78.89049535795316
A000637,S22219,CS101,I144,2,2023,Homework,2023-08-22,85.03070346924923
A000638,S22219,CS101,I144,2,2023,Quiz,2023-08-30,77.17067851283748
A000639,S22219,CS101,I583,2,2023,Exam,2023-09-06,78.91313290187702
A000640,S85510,CS101,I144,2,2023,Project,2023-08-22,75.37411887122393
A000641,S85510,CS101,I144,2,2023,Homework,2023-08-30,85.2801878515827
A000642,S85510,CS101,I583,2,2023,Project,2023-09-06,76.49344655695249
A000643,S55833,CS101,I144,2,2023,Exam,2023-08-22,66.11350823819113
A000644,S55833,CS101,I144,2,2023,Homework,2023-08-30,88.05561217946834
A000645,S55833,CS101,I144,2,2023,Homework,2023-09-06,83.41314583983437
A000646,S58089,CS101,I583,2,2023,Project,2023-08-22,59.17813095948777
A000647,S58089,CS101,I583,2,2023,Homework,2023-08-30,87.76367728457663
A000648,S58089,CS101,I583,2,2023,Project,2023-09-06,74.92772103381118
A000649,S70516,CS101,I144,2,2023,Homework,2023-08-22,73.90059604897692
A000650,S70516,CS101,I583,2,2023,Project,2023-08-30,82.47963201562901
A000651,S70516,CS101,I583,2,2023,Quiz,2023-09-06,64.6181219516222
A000652,S39645,CS101,I583,2,2023,Homework,2023-08-22,79.9231407758674
A000653,S39645,CS101,I144,2,2023,Project,2023-08-30,80.30209421229054
A000654,S39645,CS101,I583,2,2023,Exam,2023-09-06,78.71621214306813
A000655,S76443,CS101,I144,2,2023,Quiz,2023-08-22,80.29507140861608
A000656,S76443,CS101,I144,2,2023,Exam,2023-08-30,79.67145092995132
A000657,S76443,CS101,I144,2,2023,Exam,2023-09-06,65.83714771541875
A000658,S91956,CS101,I144,2,2023,Project,2023-08-22,68.79744303618111
A000659,S91956,CS101,I583,2,2023,Quiz,2023-08-30,80.32701974785033
A000660,S91956,CS101,I144,2,2023,Homework,2023-09-06,67.56274536828874
A000661,S40089,CS101,I144,2,2023,Homework,2023-08-22,91.90551475380774
A000662,S40089,CS101,I583,2,2023,Exam,2023-08-30,68.06305331530021
A000663,S40089,CS101,I583,2,2023,Homework,2023-09-06,69.45800801628391
A000664,S19330,CS101,I144,2,2023,Exam,2023-08-22,74.92542842542055
A000665,S19330,CS101,I583,2,2023,Exam,2023-08-30,75.86917928142502
A000666,S19330,CS101,I144,2,2023,Project,2023-09-06,99.82463558267924
A000667,S32965,CS101,I144,2,2023,Quiz,2023-08-22,72.61668580012913
A000668,S32965,CS101,I583,2,2023,Exam,2023-08-30,74.91800566258655
A000669,S32965,CS101,I583,2,2023,Project,2023-09-06,71.24415464350402
A000670,S99335,CS101,I583,2,2023,Project,2023-08-22,57.777979639069365
A000671,S99335,CS101,I144,2,2023,Quiz,2023-08-30,76.38914092403753
A000672,S99335,CS101,I583,2,2023,Quiz,2023-09-06,97.25796739680654
A000673,S71939,CS101,I144,2,2023,Quiz,2023-08-22,82.0807078887023
A000674,S71939,CS101,I144,2,2023,Homework,2023-08-30,76.52576821914252
A000675,S71939,CS101,I144,2,2023,Project,2023-09-06,75.1692363122648
A000676,S69113,CS101,I583,2,2023,Project,2023-08-22,71.31906363828305
A000677,S69113,CS101,I583,2,2023,Quiz,2023-08-30,69.05069377735443
A000678,S69113,CS101,I144,2,2023,Homework,2023-09-06,61.82065451598956
A000679,S12652,CS101,I144,2,2023,Exam,2023-08-22,68.030638508928
A000680,S12652,CS101,I583,2,2023,Homework,2023-08-30,72.09758978234025
A000681,S12652,CS101,I583,2,2023,Quiz,2023-09-06,70.46171423176268
A000682,S49284,CS101,I144,2,2023,Project,2023-08-22,59.03631705318031
A000683,S49284,CS101,I583,2,2023,Project,2023-08-30,61.93616820737879
A000684,S49284,CS101,I144,2,2023,Project,2023-09-06,57.82858078103264
A000685,S58952,CS101,I583,2,2023,Quiz,2023-08-22,87.8666334320068
A000686,S58952,CS101,I583,2,2023,Project,2023-08-30,72.39437428656035
A000687,S58952,CS101,I583,2,2023,Project,2023-09-06,72.47514854661279
A000688,S66923,CS101,I583,2,2023,Exam,2023-08-22,73.80800336751577
A000689,S66923,CS101,I144,2,2023,Quiz,2023-08-30,69.86078136363881
A000690,S66923,CS101,I583,2,2023,Homework,2023-09-06,82.31646499395121
A000691,S80610,CS101,I144,2,2023,Project,2023-08-22,88.29559395249194
A000692,S80610,CS101,I583,2,2023,Exam,2023-08-30,76.0730343407576
A000693,S80610,CS101,I583,2,2023,Exam,2023-09-06,85.62882050007657
A000694,S34188,CS101,I583,2,2023,Homework,2023-08-22,73.74485804381852
A000695,S34188,CS101,I144,2,2023,Exam,2023-08-30,83.64091117043078
A000696,S34188,CS101,I144,2,2023,Exam,2023-09-06,75.51492135777661
A000697,S88364,CS101,I144,2,2023,Quiz,2023-08-22,73.46285128512521
A000698,S88364,CS101,I583,2,2023,Homework,2023-08-30,76.46825031925314
A000699,S88364,CS101,I144,2,2023,Project,2023-09-06,84.89202383455323
A000700,S99390,CS101,I583,2,2023,Homework,2023-08-22,73.66079793576687
A000701,S99390,CS101,I583,2,2023,Quiz,2023-08-30,56.57910831837815
A000702,S99390,CS101,I583,2,2023,Quiz,2023-09-06,67.72921671533236
A000703,S22627,CS101,I583,2,2023,Project,2023-08-22,76.4258444235027
A000704,S22627,CS101,I583,2,2023,Exam,2023-08-30,65.33441727627098
A000705,S22627,CS101,I144,2,2023,Quiz,2023-09-06,65.99189634933683
A000706,S93566,CS101,I583,2,2023,Exam,2023-08-22,87.21299927680336
A000707,S93566,CS101,I144,2,2023,Exam,2023-08-30,71.71759159362942
A000708,S93566,CS101,I144,2,2023,Project,2023-09-06,80.70773713565683
A000709,S66725,CS101,I144,2,2023,Exam,2023-08-22,83.92951722328887
A000710,S66725,CS101,I583,2,2023,Project,2023-08-30,79.99657733565532
A000711,S66725,CS101,I144,2,2023,Quiz,2023-09-06,70.22497531201157
A000712,S45167,CS101,I144,2,2023,Quiz,2023-08-22,72.68577107666844
A000713,S45167,CS101,I583,2,2023,Project,2023-08-30,80.06273532649989
A000714,S45167,CS101,I583,2,2023,Project,2023-09-06,69.72977733332965
A000715,S68418,CS101,I583,2,2023,Exam,2023-08-22,53.2643521105977
A000716,S68418,CS101,I583,2,2023,Homework,2023-08-30,80.51041804214597
A000717,S68418,CS101,I583,2,2023,Quiz,2023-09-06,59.018113548706495
A000718,S56913,CS101,I583,2,2023,Project,2023-08-22,78.24730545102335
A000719,S56913,CS101,I144,2,2023,Project,2023-08-30,85.12555473197732
A000720,S56913,CS101,I144,2,2023,Quiz,2023-09-06,76.12527009272333
A000721,S84857,CS101,I144,2,2023,Project,2023-08-22,66.5634439806398
A000722,S84857,CS101,I144,2,2023,Homework,2023-08-30,79.77947583667009
A000723,S84857,CS101,I144,2,2023,Homework,2023-09-06,79.39650814387812
A000724,S30099,CS101,I583,2,2023,Project,2023-08-22,85.25858045125915
A000725,S30099,CS101,I583,2,2023,Homework,2023-08-30,82.65958896808428
A000726,S30099,CS101,I583,2,2023,Project,2023-09-06,85.66361313671614
A000727,S36540,CS101,I144,2,2023,Project,2023-08-22,75.52479939508967
A000728,S36540,CS101,I144,2,2023,Exam,2023-08-30,69.19664315727437
A000729,S36540,CS101,I144,2,2023,Exam,2023-09-06,84.15865374900783
A000730,S86422,CS101,I583,2,2023,Homework,2023-08-22,74.04450148187783
A000731,S86422,CS101,I144,2,2023,Homework,2023-08-30,76.07129070150735
A000732,S86422,CS101,I583,2,2023,Project,2023-09-06,77.04543044069771
A000733,S73110,CS101,I144,2,2023,Homework,2023-08-22,78.86273495555521
A000734,S73110,CS101,I583,2,2023,Project,2023-08-30,65.83363629339743
A000735,S73110,CS101,I583,2,2023,Quiz,2023-09-06,56.40641865148497
A000736,S72917,CS102,I712,2,2023,Homework,2023-08-22,70.52688285512504
A000737,S72917,CS102,I712,2,2023,Quiz,2023-08-30,66.06809104531781
A000738,S72917,CS102,I712,2,2023,Quiz,2023-09-06,69.65870451674441
A000739,S85692,CS102,I712,2,2023,Homework,2023-08-22,89.20122097286304
A000740,S85692,CS102,I712,2,2023,Homework,2023-08-30,73.34944063694898
A000741,S85692,CS102,I712,2,2023,Homework,2023-09-06,62.754208786506055
A000742,S90314,CS102,I712,2,2023,Exam,2023-08-22,79.53390389284998
A000743,S90314,CS102,I712,2,2023,Quiz,2023-08-30,66.4096886918357
A000744,S90314,CS102,I712,2,2023,Project,2023-09-06,72.57059654942353
A000745,S92429,CS102,I712,2,2023,Exam,2023-08-22,76.98183704763996
A000746,S92429,CS102,I712,2,2023,Homework,2023-08-30,75.0062687078285
A000747,S92429,CS102,I712,2,2023,Exam,2023-09-06,80.27261729275381
A000748,S93812,CS102,I712,2,2023,Homework,2023-08-22,86.90220995481268
A000749,S93812,CS102,I712,2,2023,Homework,2023-08-30,74.40720385905671
A000750,S93812,CS102,I712,2,2023,Exam,2023-09-06,81.49542645159293
A000751,S14141,CS102,I712,2,2023,Quiz,2023-08-22,70.57790065102738
A000752,S14141,CS102,I712,2,2023,Quiz,2023-08-30,70.33283464146766
A000753,S14141,CS102,I712,2,2023,Quiz,2023-09-06,77.81802644630052
A000754,S95962,CS102,I712,2,2023,Project,2023-08-22,63.093893686004314
A000755,S95962,CS102,I712,2,2023,Project,2023-08-30,82.1217981818862
A000756,S95962,CS102,I712,2,2023,Homework,2023-09-06,81.93766560577147
A000757,S93462,CS102,I712,2,2023,Quiz,2023-08-22,69.59309024407553
A000758,S93462,CS102,I712,2,2023,Exam,2023-08-30,71.72926904532858
A000759,S93462,CS102,I712,2,2023,Exam,2023-09-06,85.35381098921673
A000760,S69611,CS102,I712,2,2023,Quiz,2023-08-22,80.80943207418767
A000761,S69611,CS102,I712,2,2023,Exam,2023-08-30,75.5408070723517
A000762,S69611,CS102,I712,2,2023,Quiz,2023-09-06,77.64065385498805
A000763,S50135,CS102,I712,2,2023,Homework,2023-08-22,64.63011183190498
A000764,S50135,CS102,I712,2,2023,Quiz,2023-08-30,69.82888050916124
A000765,S50135,CS102,I712,2,2023,Quiz,2023-09-06,69.48034933103328
A000766,S47815,CS102,I712,2,2023,Quiz,2023-08-22,51.97218226643881
A000767,S47815,CS102,I712,2,2023,Homework,2023-08-30,51.674403009155526
A000768,S47815,CS102,I712,2,2023,Exam,2023-09-06,59.548570706685375
A000769,S84975,CS102,I712,2,2023,Quiz,2023-08-22,74.78532938864153
A000770,S84975,CS102,I712,2,2023,Quiz,2023-08-30,75.8125996333652
A000771,S84975,CS102,I712,2,2023,Homework,2023-09-06,64.48528046875533
A000772,S33157,CS102,I712,2,2023,Quiz,2023-08-22,76.0260487561937
A000773,S33157,CS102,I712,2,2023,Quiz,2023-08-30,76.7371666205747
A000774,S33157,CS102,I712,2,2023,Homework,2023-09-06,72.32228361808102
A000775,S30099,CS102,I712,2,2023,Exam,2023-08-22,63.67407570243472
A000776,S30099,CS102,I712,2,2023,Project,2023-08-30,59.061976162336265
A000777,S30099,CS102,I712,2,2023,Exam,2023-09-06,89.60231189413096
A000778,S74262,CS102,I712,2,2023,Project,2023-08-22,71.1503695066186
A000779,S74262,CS102,I712,2,2023,Project,2023-08-30,76.18493405462854
A000780,S74262,CS102,I712,2,2023,Project,2023-09-06,73.01065140073085
A000781,S56014,CS102,I712,2,2023,Exam,2023-08-22,74.20273427186903
A000782,S56014,CS102,I712,2,2023,Quiz,2023-08-30,72.17589409696645
A000783,S56014,CS102,I712,2,2023,Project,2023-09-06,76.13240663373703
A000784,S28839,CS102,I712,2,2023,Project,2023-08-22,70.61373721776222
A000785,S28839,CS102,I712,2,2023,Homework,2023-08-30,78.21371001133656
A000786,S28839,CS102,I712,2,2023,Project,2023-09-06,74.85628251722903
A000787,S28970,CS102,I712,2,2023,Quiz,2023-08-22,64.83207437491473
A000788,S28970,CS102,I712,2,2023,Homework,2023-08-30,90.97575241083165
A000789,S28970,CS102,I712,2,2023,Quiz,2023-09-06,70.92551370131153
A000790,S80610,CS102,I712,2,2023,Project,2023-08-22,64.67613993810133
A000791,S80610,CS102,I712,2,2023,Quiz,2023-08-30,84.77842120917529
A000792,S80610,CS102,I712,2,2023,Quiz,2023-09-06,76.04736351225114
A000793,S55121,CS102,I712,2,2023,Quiz,2023-08-22,68.76794584710115
A000794,S55121,CS102,I712,2,2023,Exam,2023-08-30,87.27017541277156
A000795,S55121,CS102,I712,2,2023,Project,2023-09-06,71.15662581601832
A000796,S98557,CS102,I712,2,2023,Homework,2023-08-22,60.359076935229524
A000797,S98557,CS102,I712,2,2023,Homework,2023-08-30,61.37498546674835
A000798,S98557,CS102,I712,2,2023,Homework,2023-09-06,80.05498470853342
A000799,S38489,CS102,I712,2,2023,Homework,2023-08-22,75.55275434143886
A000800,S38489,CS102,I712,2,2023,Homework,2023-08-30,74.89173218121013
A000801,S38489,CS102,I712,2,2023,Homework,2023-09-06,80.81542151254169
A000802,S33640,CS102,I712,2,2023,Quiz,2023-08-22,78.85911385959021
A000803,S33640,CS102,I712,2,2023,Homework,2023-08-30,80.36185217216058
A000804,S33640,CS102,I712,2,2023,Exam,2023-09-06,65.48143546844689
A000805,S11097,CS102,I712,2,2023,Quiz,2023-08-22,77.4238925216117
A000806,S11097,CS102,I712,2,2023,Exam,2023-08-30,58.18612859625365
A000807,S11097,CS102,I712,2,2023,Homework,2023-09-06,69.88969989848141
A000808,S84857,CS102,I712,2,2023,Quiz,2023-08-22,80.71506185975979
A000809,S84857,CS102,I712,2,2023,Exam,2023-08-30,84.08693623172877
A000810,S84857,CS102,I712,2,2023,Homework,2023-09-06,71.18045181329121
A000811,S17739,CS102,I712,2,2023,Quiz,2023-08-22,53.19818107975559
A000812,S17739,CS102,I712,2,2023,Quiz,2023-08-30,80.26145376531238
A000813,S17739,CS102,I712,2,2023,Exam,2023-09-06,58.518854674307036
A000814,S10414,CS102,I712,2,2023,Quiz,2023-08-22,73.12858529500207
A000815,S10414,CS102,I712,2,2023,Homework,2023-08-30,65.48212048264891
A000816,S10414,CS102,I712,2,2023,Quiz,2023-09-06,61.68775781733166
A000817,S25727,CS102,I712,2,2023,Quiz,2023-08-22,81.72838463420673
A000818,S25727,CS102,I712,2,2023,Homework,2023-08-30,66.3714841929863
A000819,S25727,CS102,I712,2,2023,Project,2023-09-06,88.62612894605917
A000820,S26300,CS102,I712,2,2023,Homework,2023-08-22,76.29653644755716
A000821,S26300,CS102,I712,2,2023,Project,2023-08-30,74.2966949441325
A000822,S26300,CS102,I712,2,2023,Exam,2023-09-06,60.69366914438427
A000823,S22219,CS102,I712,2,2023,Project,2023-08-22,64.0948137683974
A000824,S22219,CS102,I712,2,2023,Project,2023-08-30,74.00692912042625
A000825,S22219,CS102,I712,2,2023,Project,2023-09-06,89.96836812095336
A000826,S93957,CS102,I712,2,2023,Project,2023-08-22,72.18045216290321
A000827,S93957,CS102,I712,2,2023,Project,2023-08-30,56.302538046880464
A000828,S93957,CS102,I712,2,2023,Exam,2023-09-06,71.0638823813341
A000829,S26226,CS102,I712,2,2023,Project,2023-08-22,82.5411998799281
A000830,S26226,CS102,I712,2,2023,Project,2023-08-30,84.20804994810437
A000831,S26226,CS102,I712,2,2023,Homework,2023-09-06,80.15929458340072
A000832,S86535,CS102,I712,2,2023,Quiz,2023-08-22,82.15174180689651
A000833,S86535,CS102,I712,2,2023,Project,2023-08-30,89.26495035768006
A000834,S86535,CS102,I712,2,2023,Exam,2023-09-06,75.08189445355002
A000835,S71939,CS102,I712,2,2023,Quiz,2023-08-22,96.52279822784374
A000836,S71939,CS102,I712,2,2023,Project,2023-08-30,59.778936438103116
A000837,S71939,CS102,I712,2,2023,Exam,2023-09-06,73.54697126087642
A000838,S54038,CS102,I712,2,2023,Exam,2023-08-22,78.80716335637685
A000839,S54038,CS102,I712,2,2023,Homework,2023-08-30,61.1041792096983
A000840,S54038,CS102,I712,2,2023,Project,2023-09-06,53.139300108387616
A000841,S55121,CS103,I602,2,2023,Exam,2023-08-22,66.16823034109056
A000842,S55121,CS103,I602,2,2023,Exam,2023-08-30,69.02104489372871
A000843,S55121,CS103,I602,2,2023,Quiz,2023-09-06,83.43355658683284
A000844,S38603,CS103,I602,2,2023,Quiz,2023-08-22,95.67667241326924
A000845,S38603,CS103,I602,2,2023,Project,2023-08-30,62.42116302777095
A000846,S38603,CS103,I602,2,2023,Project,2023-09-06,83.89393949508073
A000847,S43810,CS103,I602,2,2023,Homework,2023-08-22,56.952222120627894
A000848,S43810,CS103,I602,2,2023,Homework,2023-08-30,59.901356827297846
A000849,S43810,CS103,I602,2,2023,Homework,2023-09-06,77.34057115154465
A000850,S45522,CS103,I602,2,2023,Quiz,2023-08-22,64.33490546289413
A000851,S45522,CS103,I602,2,2023,Homework,2023-08-30,79.78878041305222
A000852,S45522,CS103,I602,2,2023,Homework,2023-09-06,73.0316362020829
A000853,S55017,CS103,I602,2,2023,Quiz,2023-08-22,81.78959433607912
A000854,S55017,CS103,I602,2,2023,Exam,2023-08-30,70.46643509315896
A000855,S55017,CS103,I602,2,2023,Quiz,2023-09-06,69.96584527910116
A000856,S16792,CS103,I602,2,2023,Exam,2023-08-22,73.88830105585859
A000857,S16792,CS103,I602,2,2023,Quiz,2023-08-30,100
A000858,S16792,CS103,I602,2,2023,Homework,2023-09-06,73.61771636467539
A000859,S28839,CS103,I602,2,2023,Homework,2023-08-22,63.37651455068469
A000860,S28839,CS103,I602,2,2023,Homework,2023-08-30,88.96018384106594
A000861,S28839,CS103,I602,2,2023,Homework,2023-09-06,87.74058105532092
A000862,S40089,CS103,I602,2,2023,Project,2023-08-22,57.38262175156725
A000863,S40089,CS103,I602,2,2023,Quiz,2023-08-30,70.78163477206925
A000864,S40089,CS103,I602,2,2023,Quiz,2023-09-06,73.97459620827821
A000865,S16437,CS103,I602,2,2023,Homework,2023-08-22,88.13515826357364
A000866,S16437,CS103,I602,2,2023,Quiz,2023-08-30,46.59757990212294
A000867,S16437,CS103,I602,2,2023,Quiz,2023-09-06,64.27685746074617
A000868,S94238,CS103,I602,2,2023,Homework,2023-08-22,73.1511708196142
A000869,S94238,CS103,I602,2,2023,Quiz,2023-08-30,83.59318543888764
A000870,S94238,CS103,I602,2,2023,Exam,2023-09-06,72.89424571881585
A000871,S80610,CS103,I602,2,2023,Quiz,2023-08-22,91.00980763359108
A000872,S80610,CS103,I602,2,2023,Homework,2023-08-30,52.14468525838009
A000873,S80610,CS103,I602,2,2023,Exam,2023-09-06,87.9057791403629
A000874,S69113,CS103,I602,2,2023,Project,2023-08-22,98.71073145095829
A000875,S69113,CS103,I602,2,2023,Homework,2023-08-30,75.14605151814834
A000876,S69113,CS103,I602,2,2023,Project,2023-09-06,72.79563792069672
A000877,S50135,CS103,I602,2,2023,Homework,2023-08-22,76.76096333965262
A000878,S50135,CS103,I602,2,2023,Quiz,2023-08-30,86.5437936680233
A000879,S50135,CS103,I602,2,2023,Quiz,2023-09-06,72.96877202694375
A000880,S26226,CS103,I602,2,2023,Quiz,2023-08-22,77.82929646963042
A000881,S26226,CS103,I602,2,2023,Exam,2023-08-30,74.94128681036592
A000882,S26226,CS103,I602,2,2023,Quiz,2023-09-06,85.50927696321554
A000883,S33157,CS103,I602,2,2023,Project,2023-08-22,69.50071476125912
A000884,S33157,CS103,I602,2,2023,Homework,2023-08-30,80.02826691220638
A000885,S33157,CS103,I602,2,2023,Project,2023-09-06,48.582679805843455
A000886,S14141,CS103,I602,2,2023,Quiz,2023-08-22,100
A000887,S14141,CS103,I602,2,2023,Project,2023-08-30,90.52851507978838
A000888,S14141,CS103,I602,2,2023,Project,2023-09-06,74.28841332269724
A000889,S98374,CS103,I602,2,2023,Exam,2023-08-22,84.73067370890844
A000890,S98374,CS103,I602,2,2023,Project,2023-08-30,70.67096083780795
A000891,S98374,CS103,I602,2,2023,Homework,2023-09-06,90.85892094767341
A000892,S52930,CS103,I602,2,2023,Homework,2023-08-22,64.3279385444115
A000893,S52930,CS103,I602,2,2023,Quiz,2023-08-30,91.33766625824086
A000894,S52930,CS103,I602,2,2023,Exam,2023-09-06,62.009993791295166
A000895,S18474,CS103,I602,2,2023,Exam,2023-08-22,69.50840610745054
A000896,S18474,CS103,I602,2,2023,Quiz,2023-08-30,69.208378960819
A000897,S18474,CS103,I602,2,2023,Quiz,2023-09-06,67.08767106216507
A000898,S83790,CS103,I602,2,2023,Exam,2023-08-22,87.56721684589499
A000899,S83790,CS103,I602,2,2023,Quiz,2023-08-30,78.11491546715573
A000900,S83790,CS103,I602,2,2023,Exam,2023-09-06,83.62837845229377
A000901,S98808,CS103,I602,2,2023,Quiz,2023-08-22,72.7983677326809
A000902,S98808,CS103,I602,2,2023,Homework,2023-08-30,77.14183273356146
A000903,S98808,CS103,I602,2,2023,Quiz,2023-09-06,75.52922920621134
A000904,S89392,CS103,I602,2,2023,Quiz,2023-08-22,54.45088586553897
A000905,S89392,CS103,I602,2,2023,Quiz,2023-08-30,78.36017201662396
A000906,S89392,CS103,I602,2,2023,Quiz,2023-09-06,79.85669396267048
A000907,S93844,CS103,I602,2,2023,Quiz,2023-08-22,99.8535966314642
A000908,S93844,CS103,I602,2,2023,Quiz,2023-08-30,78.19637813447909
A000909,S93844,CS103,I602,2,2023,Homework,2023-09-06,76.64986420916654
A000910,S32616,CS103,I602,2,2023,Homework,2023-08-22,87.39467291701037
A000911,S32616,CS103,I602,2,2023,Quiz,2023-08-30,95.71614840947139
A000912,S32616,CS103,I602,2,2023,Quiz,2023-09-06,70.93694221653256
A000913,S66923,CS103,I602,2,2023,Homework,2023-08-22,57.79088275217138
A000914,S66923,CS103,I602,2,2023,Homework,2023-08-30,89.96965128297062
A000915,S66923,CS103,I602,2,2023,Quiz,2023-09-06,65.3853027477398
A000916,S85510,CS103,I602,2,2023,Quiz,2023-08-22,71.25735576146369
A000917,S85510,CS103,I602,2,2023,Exam,2023-08-30,87.29328315712416
A000918,S85510,CS103,I602,2,2023,Exam,2023-09-06,65.42868031529945
A000919,S89649,CS103,I602,2,2023,Quiz,2023-08-22,94.73221258157571
A000920,S89649,CS103,I602,2,2023,Project,2023-08-30,68.48003801843112
A000921,S89649,CS103,I602,2,2023,Homework,2023-09-06,82.24879597539807
A000922,S73110,CS103,I602,2,2023,Exam,2023-08-22,66.07610770510308
A000923,S73110,CS103,I602,2,2023,Project,2023-08-30,90.28965554082224
A000924,S73110,CS103,I602,2,2023,Exam,2023-09-06,74.72921652730508
A000925,S58210,CS103,I602,2,2023,Homework,2023-08-22,76.73320854308497
A000926,S58210,CS103,I602,2,2023,Homework,2023-08-30,84.64556731493684
A000927,S58210,CS103,I602,2,2023,Quiz,2023-09-06,74.44597555857501
A000928,S42197,CS103,I602,2,2023,Project,2023-08-22,81.9367541575699
A000929,S42197,CS103,I602,2,2023,Quiz,2023-08-30,80.92752820148998
A000930,S42197,CS103,I602,2,2023,Exam,2023-09-06,70.7014860508725
A000931,S42047,CS103,I602,2,2023,Exam,2023-08-22,79.24063208310707
A000932,S42047,CS103,I602,2,2023,Project,2023-08-30,80.17275897975031
A000933,S42047,CS103,I602,2,2023,Quiz,2023-09-06,73.94411040156095
A000934,S76397,CS103,I602,2,2023,Exam,2023-08-22,75.48319470086759
A000935,S76397,CS103,I602,2,2023,Homework,2023-08-30,76.0812249022554
A000936,S76397,CS103,I602,2,2023,Project,2023-09-06,88.77342346392862
A000937,S48018,CS103,I602,2,2023,Project,2023-08-22,87.41114335684323
A000938,S48018,CS103,I602,2,2023,Homework,2023-08-30,85.73993302734003
A000939,S48018,CS103,I602,2,2023,Project,2023-09-06,79.56379109209593
A000940,S33639,CS103,I602,2,2023,Quiz,2023-08-22,98.25281063180562
A000941,S33639,CS103,I602,2,2023,Exam,2023-08-30,64.92970425176031
A000942,S33639,CS103,I602,2,2023,Exam,2023-09-06,80.50205447203228
A000943,S60076,CS103,I602,2,2023,Homework,2023-08-22,87.6464752374771
A000944,S60076,CS103,I602,2,2023,Quiz,2023-08-30,63.839677984424604
A000945,S60076,CS103,I602,2,2023,Project,2023-09-06,65.82417454881288
A000946,S13031,CS104,I583,2,2023,Quiz,2023-08-22,78.97309783850272
A000947,S13031,CS104,I596,2,2023,Quiz,2023-08-30,76.12578479969642
A000948,S13031,CS104,I327,2,2023,Project,2023-09-06,69.7020044920543
A000949,S76397,CS104,I596,2,2023,Exam,2023-08-22,95.08771415038757
A000950,S76397,CS104,I583,2,2023,Exam,2023-08-30,70.7234495128497
A000951,S76397,CS104,I596,2,2023,Quiz,2023-09-06,60.51387041900509
A000952,S80610,CS104,I583,2,2023,Project,2023-08-22,75.98175077557723
A000953,S80610,CS104,I596,2,2023,Quiz,2023-08-30,78.06118142233166
A000954,S80610,CS104,I327,2,2023,Exam,2023-09-06,77.47692465122536
A000955,S18361,CS104,I327,2,2023,Quiz,2023-08-22,78.39641732799426
A000956,S18361,CS104,I596,2,2023,Project,2023-08-30,73.35337016968496
A000957,S18361,CS104,I583,2,2023,Project,2023-09-06,78.71236230291576
A000958,S58210,CS104,I583,2,2023,Exam,2023-08-22,85.2623227968363
A000959,S58210,CS104,I327,2,2023,Quiz,2023-08-30,60.528670179494014
A000960,S58210,CS104,I583,2,2023,Homework,2023-09-06,61.36774506953326
A000961,S45206,CS104,I327,2,2023,Quiz,2023-08-22,92.24468405410168
A000962,S45206,CS104,I596,2,2023,Homework,2023-08-30,79.34319289948934
A000963,S45206,CS104,I596,2,2023,Homework,2023-09-06,70.7421253192873
A000964,S33157,CS104,I327,2,2023,Project,2023-08-22,67.6407568789392
A000965,S33157,CS104,I583,2,2023,Homework,2023-08-30,90.96259327672131
A000966,S33157,CS104,I327,2,2023,Homework,2023-09-06,69.0303139809288
A000967,S50653,CS104,I327,2,2023,Exam,2023-08-22,80.8746601245897
A000968,S50653,CS104,I583,2,2023,Exam,2023-08-30,77.93912891259826
A000969,S50653,CS104,I596,2,2023,Project,2023-09-06,92.25501106411568
A000970,S39325,CS104,I583,2,2023,Project,2023-08-22,57.74543482716571
A000971,S39325,CS104,I583,2,2023,Project,2023-08-30,71.6410228632836
A000972,S39325,CS104,I596,2,2023,Exam,2023-09-06,82.0640331183328
A000973,S78089,CS104,I583,2,2023,Project,2023-08-22,68.14612397076576
A000974,S78089,CS104,I583,2,2023,Project,2023-08-30,87.28205776003111
A000975,S78089,CS104,I583,2,2023,Homework,2023-09-06,55.60043232418799
A000976,S49410,CS104,I596,2,2023,Exam,2023-08-22,77.56337296597081
A000977,S49410,CS104,I327,2,2023,Quiz,2023-08-30,76.11846853538951
A000978,S49410,CS104,I596,2,2023,Quiz,2023-09-06,78.48623104993162
A000979,S73805,CS104,I596,2,2023,Project,2023-08-22,77.45419617770389
A000980,S73805,CS104,I596,2,2023,Exam,2023-08-30,73.8041031024067
A000981,S73805,CS104,I327,2,2023,Project,2023-09-06,63.681437102666536
A000982,S78158,CS104,I583,2,2023,Exam,2023-08-22,69.70385122978135
A000983,S78158,CS104,I583,2,2023,Homework,2023-08-30,89.69206125890403
A000984,S78158,CS104,I596,2,2023,Exam,2023-09-06,78.66363697096142
A000985,S64333,CS104,I327,2,2023,Project,2023-08-22,79.33546561388255
A000986,S64333,CS104,I583,2,2023,Quiz,2023-08-30,79.74793603708852
A000987,S64333,CS104,I583,2,2023,Project,2023-09-06,86.96024066831947
A000988,S43507,CS104,I327,2,2023,Project,2023-08-22,72.51541283138289
A000989,S43507,CS104,I596,2,2023,Exam,2023-08-30,82.22424455610874
A000990,S43507,CS104,I596,2,2023,Homework,2023-09-06,85.9105981254032
A000991,S16792,CS104,I596,2,2023,Exam,2023-08-22,73.75249025089917
A000992,S16792,CS104,I327,2,2023,Quiz,2023-08-30,63.66154239609732
A000993,S16792,CS104,I596,2,2023,Homework,2023-09-06,74.92078031925992
A000994,S66591,CS104,I583,2,2023,Homework,2023-08-22,82.56779898657209
A000995,S66591,CS104,I596,2,2023,Project,2023-08-30,69.32200809522614
A000996,S66591,CS104,I583,2,2023,Project,2023-09-06,91.72214367517277
A000997,S88362,CS104,I583,2,2023,Homework,2023-08-22,96.9732369741378
A000998,S88362,CS104,I583,2,2023,Homework,2023-08-30,62.1011886156594
A000999,S88362,CS104,I596,2,2023,Exam,2023-09-06,86.5134656641022
A001000,S54038,CS104,I327,2,2023,Quiz,2023-08-22,65.96984557935036
A001001,S54038,CS104,I596,2,2023,Quiz,2023-08-30,74.12045087092856
A001002,S54038,CS104,I596,2,2023,Homework,2023-09-06,91.11732239992436
A001003,S67583,CS104,I327,2,2023,Project,2023-08-22,83.91402909141402
A001004,S67583,CS104,I583,2,2023,Project,2023-08-30,91.02230799054308
A001005,S67583,CS104,I596,2,2023,Exam,2023-09-06,56.69666781135545
A001006,S45522,CS104,I583,2,2023,Quiz,2023-08-22,69.68452727353797
A001007,S45522,CS104,I583,2,2023,Exam,2023-08-30,67.2103553509228
A001008,S45522,CS104,I583,2,2023,Quiz,2023-09-06,77.94174186359271
A001009,S89392,CS104,I327,2,2023,Homework,2023-08-22,90.81514443386284
A001010,S89392,CS104,I583,2,2023,Project,2023-08-30,67.32601828179256
A001011,S89392,CS104,I583,2,2023,Homework,2023-09-06,85.90377979895634
A001012,S43572,CS104,I596,2,2023,Project,2023-08-22,91.25842498439316
A001013,S43572,CS104,I327,2,2023,Project,2023-08-30,66.73949184693619
A001014,S43572,CS104,I327,2,2023,Quiz,2023-09-06,57.13233536279732
A001015,S28015,CS104,I327,2,2023,Project,2023-08-22,75.45767342997534
A001016,S28015,CS104,I327,2,2023,Exam,2023-08-30,77.89141154431499
A001017,S28015,CS104,I596,2,2023,Project,2023-09-06,70.31024046736198
A001018,S77810,CS104,I583,2,2023,Homework,2023-08-22,69.91640821087661
A001019,S77810,CS104,I327,2,2023,Quiz,2023-08-30,60.95308160838473
A001020,S77810,CS104,I583,2,2023,Quiz,2023-09-06,80.43506031239525
A001021,S85510,CS104,I596,2,2023,Exam,2023-08-22,69.32359416306448
A001022,S85510,CS104,I327,2,2023,Quiz,2023-08-30,75.8792146967608
A001023,S85510,CS104,I596,2,2023,Exam,2023-09-06,65.15957199189236
A001024,S19843,CS104,I583,2,2023,Project,2023-08-22,78.58260520543944
A001025,S19843,CS104,I596,2,2023,Quiz,2023-08-30,82.81757257817289
A001026,S19843,CS104,I327,2,2023,Exam,2023-09-06,85.16807747538026
A001027,S32269,CS104,I327,2,2023,Exam,2023-08-22,66.8967546744339
A001028,S32269,CS104,I596,2,2023,Exam,2023-08-30,79.41165179113545
A001029,S32269,CS104,I583,2,2023,Homework,2023-09-06,66.53313948121931
A001030,S79837,CS104,I596,2,2023,Exam,2023-08-22,77.61651044759009
A001031,S79837,CS104,I583,2,2023,Quiz,2023-08-30,79.09236666640402
A001032,S79837,CS104,I583,2,2023,Homework,2023-09-06,88.38428278713883
A001033,S53704,CS104,I327,2,2023,Quiz,2023-08-22,93.2976092466932
A001034,S53704,CS104,I327,2,2023,Homework,2023-08-30,75.31738995648048
A001035,S53704,CS104,I583,2,2023,Project,2023-09-06,71.59968463345433
A001036,S69008,CS104,I583,2,2023,Exam,2023-08-22,70.73114175427635
A001037,S69008,CS104,I327,2,2023,Exam,2023-08-30,88.76220665293857
A001038,S69008,CS104,I596,2,2023,Exam,2023-09-06,66.30897477920921
A001039,S79957,CS104,I583,2,2023,Exam,2023-08-22,71.89574881564005
A001040,S79957,CS104,I327,2,2023,Exam,2023-08-30,76.63607446684505
A001041,S79957,CS104,I327,2,2023,Homework,2023-09-06,65.39454973075703
A001042,S28238,CS104,I596,2,2023,Project,2023-08-22,65.31798637006506
A001043,S28238,CS104,I583,2,2023,Quiz,2023-08-30,62.69733620585177
A001044,S28238,CS104,I327,2,2023,Exam,2023-09-06,78.57047903974002
A001045,S47135,CS104,I327,2,2023,Exam,2023-08-22,72.66414738421713
A001046,S47135,CS104,I583,2,2023,Quiz,2023-08-30,84.613500286246
A001047,S47135,CS104,I327,2,2023,Homework,2023-09-06,62.05528870289019
A001048,S55292,CS104,I596,2,2023,Homework,2023-08-22,44.252554759497826
A001049,S55292,CS104,I327,2,2023,Quiz,2023-08-30,61.226230721107896
A001050,S55292,CS104,I583,2,2023,Quiz,2023-09-06,81.05295830903715
A001051,S42047,CS105,I181,2,2023,Quiz,2023-08-22,70.2046230473797
A001052,S42047,CS105,I712,2,2023,Homework,2023-08-30,65.37307467060333
A001053,S42047,CS105,I181,2,2023,Project,2023-09-06,85.18724333526595
A001054,S78089,CS105,I181,2,2023,Exam,2023-08-22,87.83988087640171
A001055,S78089,CS105,I181,2,2023,Quiz,2023-08-30,75.68624290094455
A001056,S78089,CS105,I712,2,2023,Quiz,2023-09-06,81.39876774173406
A001057,S42197,CS105,I712,2,2023,Exam,2023-08-22,80.1314680889912
A001058,S42197,CS105,I712,2,2023,Homework,2023-08-30,49.299939800039176
A001059,S42197,CS105,I181,2,2023,Homework,2023-09-06,85.29811589353938
A001060,S43572,CS105,I712,2,2023,Quiz,2023-08-22,82.48150262177597
A001061,S43572,CS105,I712,2,2023,Quiz,2023-08-30,59.27622718993111
A001062,S43572,CS105,I181,2,2023,Homework,2023-09-06,58.66289791335659
A001063,S16792,CS105,I712,2,2023,Project,2023-08-22,88.48435415295275
A001064,S16792,CS105,I181,2,2023,Project,2023-08-30,90.26056036438273
A001065,S16792,CS105,I181,2,2023,Quiz,2023-09-06,77.93990163708483
A001066,S74880,CS105,I712,2,2023,Project,2023-08-22,55.59575422562104
A001067,S74880,CS105,I181,2,2023,Exam,2023-08-30,45.80324072772451
A001068,S74880,CS105,I712,2,2023,Quiz,2023-09-06,82.32086061904619
A001069,S87850,CS105,I712,2,2023,Exam,2023-08-22,70.75110505772555
A001070,S87850,CS105,I712,2,2023,Quiz,2023-08-30,62.25853791069711
A001071,S87850,CS105,I181,2,2023,Exam,2023-09-06,74.74850782475076
A001072,S84857,CS105,I712,2,2023,Quiz,2023-08-22,67.01000475539583
A001073,S84857,CS105,I181,2,2023,Homework,2023-08-30,75.75078452664377
A001074,S84857,CS105,I712,2,2023,Homework,2023-09-06,66.75438022983992
A001075,S74020,CS105,I712,2,2023,Project,2023-08-22,67.46697558132531
A001076,S74020,CS105,I712,2,2023,Exam,2023-08-30,72.75642732728446
A001077,S74020,CS105,I181,2,2023,Homework,2023-09-06,64.89419023750239
A001078,S38340,CS105,I712,2,2023,Project,2023-08-22,88.9537755361804
A001079,S38340,CS105,I712,2,2023,Project,2023-08-30,86.36822443636373
A001080,S38340,CS105,I712,2,2023,Homework,2023-09-06,86.18954867510648
A001081,S80610,CS105,I712,2,2023,Exam,2023-08-22,73.55512078160635
A001082,S80610,CS105,I712,2,2023,Exam,2023-08-30,68.2446902843335
A001083,S80610,CS105,I181,2,2023,Quiz,2023-09-06,94.61500726293772
A001084,S40089,CS105,I712,2,2023,Homework,2023-08-22,73.49394082109471
A001085,S40089,CS105,I712,2,2023,Homework,2023-08-30,74.56132946012676
A001086,S40089,CS105,I181,2,2023,Quiz,2023-09-06,66.17566179669821
A001087,S79837,CS105,I712,2,2023,Quiz,2023-08-22,66.74514293934578
A001088,S79837,CS105,I181,2,2023,Homework,2023-08-30,48.43880486319169
A001089,S79837,CS105,I181,2,2023,Quiz,2023-09-06,71.14796538118482
A001090,S33157,CS105,I181,2,2023,Quiz,2023-08-22,71.67253127843463
A001091,S33157,CS105,I181,2,2023,Exam,2023-08-30,71.35706228881693
A001092,S33157,CS105,I181,2,2023,Project,2023-09-06,73.2782612183054
A001093,S28970,CS105,I712,2,2023,Project,2023-08-22,80.14228969370379
A001094,S28970,CS105,I181,2,2023,Homework,2023-08-30,73.1157891822871
A001095,S28970,CS105,I181,2,2023,Quiz,2023-09-06,66.20778357615848
A001096,S85510,CS105,I181,2,2023,Project,2023-08-22,70.47223070907312
A001097,S85510,CS105,I712,2,2023,Homework,2023-08-30,92.29365798206318
A001098,S85510,CS105,I181,2,2023,Quiz,2023-09-06,64.6140886071824
A001099,S33709,CS105,I712,2,2023,Exam,2023-08-22,72.83717784942536
A001100,S33709,CS105,I181,2,2023,Homework,2023-08-30,85.62784243245191
A001101,S33709,CS105,I712,2,2023,Project,2023-09-06,84.74003118118405
A001102,S98808,CS105,I181,2,2023,Exam,2023-08-22,69.09040351694065
A001103,S98808,CS105,I181,2,2023,Homework,2023-08-30,51.285384780026945
A001104,S98808,CS105,I712,2,2023,Quiz,2023-09-06,69.90355028762494
A001105,S99017,CS105,I712,2,2023,Quiz,2023-08-22,81.86191981778657
A001106,S99017,CS105,I181,2,2023,Quiz,2023-08-30,69.23867150412413
A001107,S99017,CS105,I712,2,2023,Quiz,2023-09-06,66.40791900139459
A001108,S16437,CS105,I712,2,2023,Exam,2023-08-22,58.288208745258885
A001109,S16437,CS105,I181,2,2023,Project,2023-08-30,86.74565844434423
A001110,S16437,CS105,I181,2,2023,Homework,2023-09-06,81.60426412815768
A001111,S28295,CS105,I712,2,2023,Project,2023-08-22,64.88124298681458
A001112,S28295,CS105,I181,2,2023,Homework,2023-08-30,76.70845469057961
A001113,S28295,CS105,I712,2,2023,Exam,2023-09-06,76.1028875911697
A001114,S48793,CS105,I181,2,2023,Exam,2023-08-22,84.32410919361237
A001115,S48793,CS105,I181,2,2023,Exam,2023-08-30,73.85392478437281
A001116,S48793,CS105,I181,2,2023,Exam,2023-09-06,84.59903268779861
A001117,S66591,CS105,I712,2,2023,Quiz,2023-08-22,50.60391493446406
A001118,S66591,CS105,I181,2,2023,Project,2023-08-30,79.10959634445912
A001119,S66591,CS105,I181,2,2023,Exam,2023-09-06,61.104106765332475
A001120,S80234,CS105,I181,2,2023,Homework,2023-08-22,60.926485613455114
A001121,S80234,CS105,I712,2,2023,Exam,2023-08-30,65.82060292019767
A001122,S80234,CS105,I712,2,2023,Project,2023-09-06,69.20252081415883
A001123,S47815,CS105,I181,2,2023,Quiz,2023-08-22,93.4349873006951
A001124,S47815,CS105,I712,2,2023,Exam,2023-08-30,64.39066523044617
A001125,S47815,CS105,I181,2,2023,Project,2023-09-06,94.20009657024957
A001126,S75029,CS105,I712,2,2023,Quiz,2023-08-22,85.40968646888692
A001127,S75029,CS105,I181,2,2023,Exam,2023-08-30,89.33919633417291
A001128,S75029,CS105,I181,2,2023,Quiz,2023-09-06,59.185213204786685
A001129,S54754,CS105,I181,2,2023,Quiz,2023-08-22,68.20462130153426
A001130,S54754,CS105,I181,2,2023,Homework,2023-08-30,58.38933630618776
A001131,S54754,CS105,I181,2,2023,Exam,2023-09-06,70.5522504193156
A001132,S45167,CS105,I712,2,2023,Exam,2023-08-22,85.20017046173945
A001133,S45167,CS105,I181,2,2023,Homework,2023-08-30,63.8247734337442
A001134,S45167,CS105,I712,2,2023,Project,2023-09-06,74.25828984556243
A001135,S22219,CS105,I712,2,2023,Homework,2023-08-22,88.5125668417538
A001136,S22219,CS105,I712,2,2023,Exam,2023-08-30,71.09670707978027
A001137,S22219,CS105,I712,2,2023,Homework,2023-09-06,79.63187197475342
A001138,S88362,CS105,I181,2,2023,Homework,2023-08-22,79.56004618695206
A001139,S88362,CS105,I712,2,2023,Project,2023-08-30,80.78805982885099
A001140,S88362,CS105,I181,2,2023,Project,2023-09-06,69.04798205101525
A001141,S34152,CS105,I181,2,2023,Project,2023-08-22,89.02670485670818
A001142,S34152,CS105,I712,2,2023,Homework,2023-08-30,85.09172950267086
A001143,S34152,CS105,I181,2,2023,Quiz,2023-09-06,78.41864417154501
A001144,S28238,CS105,I712,2,2023,Quiz,2023-08-22,93.35285361533334
A001145,S28238,CS105,I712,2,2023,Homework,2023-08-30,92.95661325075052
A001146,S28238,CS105,I181,2,2023,Quiz,2023-09-06,84.0678477195903
A001147,S19843,CS105,I181,2,2023,Exam,2023-08-22,67.8354519676876
A001148,S19843,CS105,I712,2,2023,Quiz,2023-08-30,84.53867219832384
A001149,S19843,CS105,I181,2,2023,Homework,2023-09-06,74.79595268947742
A001150,S54284,CS105,I712,2,2023,Homework,2023-08-22,69.25310435012626
A001151,S54284,CS105,I712,2,2023,Exam,2023-08-30,63.006396412966915
A001152,S54284,CS105,I712,2,2023,Project,2023-09-06,66.38042571812299
A001153,S79331,CS105,I712,2,2023,Exam,2023-08-22,61.4911676035295
A001154,S79331,CS105,I712,2,2023,Exam,2023-08-30,74.6682620474525
A001155,S79331,CS105,I712,2,2023,Quiz,2023-09-06,81.83468763800272
A001156,S48793,CS106,I180,2,2023,Homework,2023-08-22,69.60334967355337
A001157,S48793,CS106,I180,2,2023,Homework,2023-08-30,69.7829690429573
A001158,S48793,CS106,I180,2,2023,Project,2023-09-06,70.32924512919661
A001159,S88364,CS106,I180,2,2023,Quiz,2023-08-22,69.71688727910946
A001160,S88364,CS106,I180,2,2023,Project,2023-08-30,64.60348158608534
A001161,S88364,CS106,I180,2,2023,Quiz,2023-09-06,76.47692055555011
A001162,S38603,CS106,I180,2,2023,Homework,2023-08-22,72.29787578966508
A001163,S38603,CS106,I180,2,2023,Exam,2023-08-30,71.46532354239217
A001164,S38603,CS106,I180,2,2023,Homework,2023-09-06,77.98147012379789
A001165,S19950,CS106,I180,2,2023,Project,2023-08-22,81.61772934220622
A001166,S19950,CS106,I180,2,2023,Quiz,2023-08-30,74.22326966283288
A001167,S19950,CS106,I180,2,2023,Project,2023-09-06,75.57620586827407
A001168,S86422,CS106,I180,2,2023,Homework,2023-08-22,68.49990688231289
A001169,S86422,CS106,I180,2,2023,Homework,2023-08-30,91.87892769021052
A001170,S86422,CS106,I180,2,2023,Project,2023-09-06,74.95456471898731
A001171,S28970,CS106,I180,2,2023,Project,2023-08-22,63.626325133745915
A001172,S28970,CS106,I180,2,2023,Homework,2023-08-30,79.85177364059
A001173,S28970,CS106,I180,2,2023,Project,2023-09-06,83.0485855759807
A001174,S18361,CS106,I180,2,2023,Project,2023-08-22,75.53033194324239
A001175,S18361,CS106,I180,2,2023,Homework,2023-08-30,75.87846666217347
A001176,S18361,CS106,I180,2,2023,Exam,2023-09-06,79.7012498212485
A001177,S13031,CS106,I180,2,2023,Project,2023-08-22,79.22283883989688
A001178,S13031,CS106,I180,2,2023,Project,2023-08-30,95.5683721453007
A001179,S13031,CS106,I180,2,2023,Project,2023-09-06,81.75809306704647
A001180,S49678,CS106,I180,2,2023,Exam,2023-08-22,76.83608798283446
A001181,S49678,CS106,I180,2,2023,Quiz,2023-08-30,73.48872249111248
A001182,S49678,CS106,I180,2,2023,Homework,2023-09-06,66.19806056086368
A001183,S57674,CS106,I180,2,2023,Homework,2023-08-22,89.67421523064205
A001184,S57674,CS106,I180,2,2023,Exam,2023-08-30,87.20664730782019
A001185,S57674,CS106,I180,2,2023,Exam,2023-09-06,72.08234393011244
A001186,S13913,CS106,I180,2,2023,Homework,2023-08-22,83.2627657952275
A001187,S13913,CS106,I180,2,2023,Quiz,2023-08-30,87.57069336270436
A001188,S13913,CS106,I180,2,2023,Exam,2023-09-06,64.49507302260793
A001189,S74262,CS106,I180,2,2023,Homework,2023-08-22,64.86781622551943
A001190,S74262,CS106,I180,2,2023,Homework,2023-08-30,86.76669085571862
A001191,S74262,CS106,I180,2,2023,Project,2023-09-06,78.45733134890789
A001192,S42197,CS106,I180,2,2023,Project,2023-08-22,70.11915661018192
A001193,S42197,CS106,I180,2,2023,Quiz,2023-08-30,77.14402123307521
A001194,S42197,CS106,I180,2,2023,Exam,2023-09-06,82.4497529227536
A001195,S72917,CS106,I180,2,2023,Project,2023-08-22,83.96338769700007
A001196,S72917,CS106,I180,2,2023,Project,2023-08-30,77.57431724073982
A001197,S72917,CS106,I180,2,2023,Exam,2023-09-06,74.01792015104344
A001198,S18474,CS106,I180,2,2023,Homework,2023-08-22,76.78205383314634
A001199,S18474,CS106,I180,2,2023,Homework,2023-08-30,77.9092594653451
A001200,S18474,CS106,I180,2,2023,Project,2023-09-06,83.64346721836284
A001201,S66167,CS106,I180,2,2023,Exam,2023-08-22,89.06729357298454
A001202,S66167,CS106,I180,2,2023,Homework,2023-08-30,86.1698920261086
A001203,S66167,CS106,I180,2,2023,Homework,2023-09-06,60.571031724197375
A001204,S55833,CS106,I180,2,2023,Exam,2023-08-22,79.96944207876618
A001205,S55833,CS106,I180,2,2023,Exam,2023-08-30,83.59344833446903
A001206,S55833,CS106,I180,2,2023,Project,2023-09-06,69.38669666548172
A001207,S66923,CS106,I180,2,2023,Quiz,2023-08-22,64.53824392413907
A001208,S66923,CS106,I180,2,2023,Quiz,2023-08-30,85.7533078263893
A001209,S66923,CS106,I180,2,2023,Project,2023-09-06,81.790597196995
A001210,S79837,CS106,I180,2,2023,Project,2023-08-22,87.77517419726847
A001211,S79837,CS106,I180,2,2023,Quiz,2023-08-30,81.87624608755993
A001212,S79837,CS106,I180,2,2023,Quiz,2023-09-06,66.45220796780887
A001213,S93957,CS106,I180,2,2023,Quiz,2023-08-22,73.61072563183752
A001214,S93957,CS106,I180,2,2023,Homework,2023-08-30,80.63479397941329
A001215,S93957,CS106,I180,2,2023,Project,2023-09-06,66.6542216361377
A001216,S36540,CS106,I180,2,2023,Project,2023-08-22,74.36401300741558
A001217,S36540,CS106,I180,2,2023,Homework,2023-08-30,73.34029355475714
A001218,S36540,CS106,I180,2,2023,Homework,2023-09-06,81.1906689452459
A001219,S19330,CS106,I180,2,2023,Project,2023-08-22,72.55468643185057
A001220,S19330,CS106,I180,2,2023,Quiz,2023-08-30,63.98818180356646
A001221,S19330,CS106,I180,2,2023,Homework,2023-09-06,83.61820215820066
A001222,S78089,CS106,I180,2,2023,Homework,2023-08-22,57.42878497577822
A001223,S78089,CS106,I180,2,2023,Homework,2023-08-30,77.082935943354
A001224,S78089,CS106,I180,2,2023,Quiz,2023-09-06,75.36785968469209
A001225,S38489,CS106,I180,2,2023,Project,2023-08-22,81.73235460193618
A001226,S38489,CS106,I180,2,2023,Homework,2023-08-30,67.0735311623394
A001227,S38489,CS106,I180,2,2023,Homework,2023-09-06,71.43496182716439
A001228,S86535,CS106,I180,2,2023,Quiz,2023-08-22,69.8708619582611
A001229,S86535,CS106,I180,2,2023,Project,2023-08-30,80.07573163101532
A001230,S86535,CS106,I180,2,2023,Project,2023-09-06,51.98929425808105
A001231,S68965,CS106,I180,2,2023,Quiz,2023-08-22,78.17927293492454
A001232,S68965,CS106,I180,2,2023,Exam,2023-08-30,62.43991534753347
A001233,S68965,CS106,I180,2,2023,Quiz,2023-09-06,73.71759426564601
A001234,S39645,CS106,I180,2,2023,Quiz,2023-08-22,86.56182443827406
A001235,S39645,CS106,I180,2,2023,Homework,2023-08-30,76.11944386068491
A001236,S39645,CS106,I180,2,2023,Quiz,2023-09-06,76.39352611793876
A001237,S98267,CS106,I180,2,2023,Project,2023-08-22,54.073826804200905
A001238,S98267,CS106,I180,2,2023,Exam,2023-08-30,65.3652596117869
A001239,S98267,CS106,I180,2,2023,Homework,2023-09-06,77.70330599226641
A001240,S67583,CS106,I180,2,2023,Exam,2023-08-22,63.11724415670938
A001241,S67583,CS106,I180,2,2023,Quiz,2023-08-30,70.85516885341951
A001242,S67583,CS106,I180,2,2023,Project,2023-09-06,64.48489871140464
A001243,S94238,CS106,I180,2,2023,Exam,2023-08-22,88.05805580983369
A001244,S94238,CS106,I180,2,2023,Quiz,2023-08-30,72.12815695337767
A001245,S94238,CS106,I180,2,2023,Exam,2023-09-06,76.71713472604793
A001246,S92429,CS106,I180,2,2023,Project,2023-08-22,77.06703343002667
A001247,S92429,CS106,I180,2,2023,Homework,2023-08-30,70.0291993215709
A001248,S92429,CS106,I180,2,2023,Homework,2023-09-06,82.26164342633433
A001249,S89649,CS106,I180,2,2023,Homework,2023-08-22,77.51535705568716
A001250,S89649,CS106,I180,2,2023,Project,2023-08-30,81.68839209874223
A001251,S89649,CS106,I180,2,2023,Exam,2023-09-06,54.827065882343156
A001252,S76443,CS106,I180,2,2023,Quiz,2023-08-22,66.46527560775141
A001253,S76443,CS106,I180,2,2023,Project,2023-08-30,63.075852702504
A001254,S76443,CS106,I180,2,2023,Homework,2023-09-06,65.5952608322764
A001255,S60076,CS106,I180,2,2023,Quiz,2023-08-22,78.76638237751283
A001256,S60076,CS106,I180,2,2023,Project,2023-08-30,77.56020880992521
A001257,S60076,CS106,I180,2,2023,Project,2023-09-06,74.96226979656242
A001258,S28238,CS106,I180,2,2023,Exam,2023-08-22,100
A001259,S28238,CS106,I180,2,2023,Homework,2023-08-30,87.92424962786791
A001260,S28238,CS106,I180,2,2023,Quiz,2023-09-06,65.08338911966862
